Empresa de Pesquisa Energética - EPE,,,,,,,,,,,,,
Consumo de energia elétrica na rede (MWh),,,,,,,,,,,,,
Sistema SIMPLES,,,,,,,,,,,,,
,,,,,,,,,,,,,
,2024*,,,,,,,,,,,,
TOTAL COMERCIAL (CATIVO + LIVRE),JAN,FEV,MAR,ABR,MAI,JUN,JUL,AGO,SET,OUT,NOV,DEZ,ANO
,  8.940.677 ,  8.894.633 ,  9.106.592 ,  9.043.976 ,  8.746.829 ,  -   ,  -   ,  -   ,  -   ,  -   ,  -   ,  -   ,  44.732.706 
REGIÃO GEOGRÁFICA,,,,,,,,,,,,,
Norte,  505.054 ,  495.070 ,  517.260 ,  524.205 ,  536.780 ,  -   ,  -   ,  -   ,  -   ,  -   ,  -   ,  -   ,  2.578.369 
Nordeste,  1.353.212 ,  1.341.198 ,  1.333.455 ,  1.377.104 ,  1.366.513 ,  -   ,  -   ,  -   ,  -   ,  -   ,  -   ,  -   ,  6.771.482 
Sudeste,  4.711.591 ,  4.632.371 ,  4.766.751 ,  4.725.667 ,  4.609.125 ,  -   ,  -   ,  -   ,  -   ,  -   ,  -   ,  -   ,  23.445.505 
Sul,  1.696.437 ,  1.746.786 ,  1.784.111 ,  1.713.077 ,  1.542.625 ,  -   ,  -   ,  -   ,  -   ,  -   ,  -   ,  -   ,  8.483.037 
Centro-Oeste,  674.382 ,  679.208 ,  705.014 ,  703.924 ,  691.785 ,  -   ,  -   ,  -   ,  -   ,  -   ,  -   ,  -   ,  3.454.314 
SUBSISTEMA ELÉTRICO,,,,,,,,,,,,,
Sistemas Isolados,  47.197 ,  46.506 ,  47.603 ,  48.558 ,  46.809 ,  -   ,  -   ,  -   ,  -   ,  -   ,  -   ,  -   ,  236.673 
Norte,  481.706 ,  468.089 ,  490.156 ,  494.320 ,  516.733 ,  -   ,  -   ,  -   ,  -   ,  -   ,  -   ,  -   ,  2.451.004 
Nordeste,  1.246.074 ,  1.240.830 ,  1.228.995 ,  1.270.476 ,  1.251.679 ,  -   ,  -   ,  -   ,  -   ,  -   ,  -   ,  -   ,  6.238.055 
Sudeste/C.Oeste,  5.469.262 ,  5.392.421 ,  5.555.726 ,  5.517.546 ,  5.388.983 ,  -   ,  -   ,  -   ,  -   ,  -   ,  -   ,  -   ,  27.323.938 
Sul,  1.696.437 ,  1.746.786 ,  1.784.111 ,  1.713.077 ,  1.542.625 ,  -   ,  -   ,  -   ,  -   ,  -   ,  -   ,  -   ,  8.483.037 
*Dados preliminares (última atualização: 5/7/2024),,,,,,,,,,,,,
,2023,,,,,,,,,,,,
TOTAL COMERCIAL (CATIVO + LIVRE),JAN,FEV,MAR,ABR,MAI,JUN,JUL,AGO,SET,OUT,NOV,DEZ,ANO
,  8.066.011 ,  8.188.159 ,  8.605.127 ,  8.539.638 ,  7.840.105 ,  7.600.730 ,  7.298.653 ,  7.678.935 ,  8.011.559 ,  8.425.599 ,  8.639.110 ,  9.018.997 ,  97.912.620 
REGIÃO GEOGRÁFICA,,,,,,,,,,,,,
Norte,  453.559 ,  429.194 ,  491.376 ,  472.068 ,  497.063 ,  503.167 ,  506.825 ,  543.252 ,  544.720 ,  552.015 ,  551.533 ,  529.313 ,  6.074.084 
Nordeste,  1.277.467 ,  1.252.217 ,  1.277.751 ,  1.278.357 ,  1.283.514 ,  1.250.589 ,  1.177.028 ,  1.219.766 ,  1.255.650 ,  1.290.899 ,  1.349.239 ,  1.365.978 ,  15.278.456 
Sudeste,  4.197.774 ,  4.256.315 ,  4.497.005 ,  4.506.097 ,  4.056.522 ,  3.923.441 ,  3.741.646 ,  3.938.434 ,  4.166.929 ,  4.447.988 ,  4.569.190 ,  4.783.422 ,  51.084.761 
Sul,  1.527.698 ,  1.623.581 ,  1.659.976 ,  1.601.165 ,  1.380.241 ,  1.324.228 ,  1.297.031 ,  1.343.622 ,  1.370.405 ,  1.425.039 ,  1.441.887 ,  1.620.035 ,  17.614.908 
Centro-Oeste,  609.512 ,  626.852 ,  679.020 ,  681.950 ,  622.765 ,  599.305 ,  576.123 ,  633.859 ,  673.855 ,  709.657 ,  727.261 ,  720.250 ,  7.860.411 
SUBSISTEMA ELÉTRICO,,,,,,,,,,,,,
Sistemas Isolados,  44.876 ,  42.026 ,  47.139 ,  45.640 ,  46.763 ,  42.065 ,  42.186 ,  47.449 ,  48.817 ,  48.355 ,  47.543 ,  45.578 ,  548.438 
Norte,  428.000 ,  405.712 ,  461.554 ,  443.584 ,  473.396 ,  483.673 ,  491.082 ,  519.274 ,  514.579 ,  528.698 ,  525.374 ,  505.895 ,  5.780.822 
Nordeste,  1.182.585 ,  1.161.448 ,  1.179.725 ,  1.183.456 ,  1.177.824 ,  1.145.979 ,  1.070.940 ,  1.109.679 ,  1.145.829 ,  1.176.157 ,  1.236.340 ,  1.253.923 ,  14.023.886 
Sudeste/C.Oeste,  4.882.851 ,  4.955.391 ,  5.256.733 ,  5.265.793 ,  4.761.881 ,  4.604.785 ,  4.397.413 ,  4.658.911 ,  4.931.928 ,  5.247.349 ,  5.387.967 ,  5.593.567 ,  59.944.566 
Sul,  1.527.698 ,  1.623.581 ,  1.659.976 ,  1.601.165 ,  1.380.241 ,  1.324.228 ,  1.297.031 ,  1.343.622 ,  1.370.405 ,  1.425.039 ,  1.441.887 ,  1.620.035 ,  17.614.908 
,,,,,,,,,,,,,
,2022,,,,,,,,,,,,
TOTAL COMERCIAL (CATIVO + LIVRE),JAN,FEV,MAR,ABR,MAI,JUN,JUL,AGO,SET,OUT,NOV,DEZ,ANO
,  7.969.005 ,  7.978.544 ,  8.402.908 ,  8.229.325 ,  7.602.138 ,  7.153.406 ,  7.158.176 ,  7.308.252 ,  7.393.353 ,  7.482.200 ,  7.738.008 ,  8.080.138 ,  92.495.453 
REGIÃO GEOGRÁFICA,,,,,,,,,,,,,
Norte,  427.675 ,  410.381 ,  449.739 ,  444.196 ,  436.802 ,  451.649 ,  474.233 ,  501.772 ,  508.813 ,  511.157 ,  486.169 ,  482.532 ,  5.585.117 
Nordeste,  1.274.015 ,  1.232.057 ,  1.279.679 ,  1.250.743 ,  1.243.014 ,  1.183.709 ,  1.153.050 ,  1.174.850 ,  1.199.876 ,  1.230.654 ,  1.275.112 ,  1.287.165 ,  14.783.925 
Sudeste,  4.127.417 ,  4.152.447 ,  4.399.865 ,  4.437.419 ,  4.001.915 ,  3.680.973 ,  3.668.050 ,  3.728.874 ,  3.808.360 ,  3.817.108 ,  4.001.866 ,  4.187.787 ,  48.012.080 
Sul,  1.515.133 ,  1.554.091 ,  1.596.205 ,  1.425.074 ,  1.279.603 ,  1.237.062 ,  1.266.103 ,  1.282.905 ,  1.237.397 ,  1.248.750 ,  1.312.173 ,  1.482.922 ,  16.437.417 
Centro-Oeste,  624.765 ,  629.569 ,  677.419 ,  671.893 ,  640.805 ,  600.011 ,  596.740 ,  619.853 ,  638.908 ,  674.531 ,  662.688 ,  639.733 ,  7.676.914 
SUBSISTEMA ELÉTRICO,,,,,,,,,,,,,
Sistemas Isolados,  43.055 ,  41.032 ,  43.988 ,  43.311 ,  43.122 ,  42.750 ,  43.885 ,  47.993 ,  48.735 ,  49.558 ,  47.336 ,  45.943 ,  540.708 
Norte,  413.743 ,  399.923 ,  425.201 ,  415.375 ,  411.680 ,  429.725 ,  446.777 ,  474.037 ,  479.304 ,  481.128 ,  459.548 ,  455.554 ,  5.291.995 
Nordeste,  1.171.967 ,  1.133.425 ,  1.185.545 ,  1.160.978 ,  1.146.570 ,  1.089.670 ,  1.058.756 ,  1.072.935 ,  1.098.159 ,  1.127.753 ,  1.174.437 ,  1.185.406 ,  13.605.602 
Sudeste/C.Oeste,  4.825.106 ,  4.850.073 ,  5.151.968 ,  5.184.587 ,  4.721.163 ,  4.354.199 ,  4.342.655 ,  4.430.383 ,  4.529.759 ,  4.575.011 ,  4.744.515 ,  4.910.314 ,  56.619.732 
Sul,  1.515.133 ,  1.554.091 ,  1.596.205 ,  1.425.074 ,  1.279.603 ,  1.237.062 ,  1.266.103 ,  1.282.905 ,  1.237.397 ,  1.248.750 ,  1.312.173 ,  1.482.922 ,  16.437.417 
,,,,,,,,,,,,,
,2021,,,,,,,,,,,,
TOTAL COMERCIAL (CATIVO + LIVRE),JAN,FEV,MAR,ABR,MAI,JUN,JUL,AGO,SET,OUT,NOV,DEZ,ANO
,  7.654.105 ,  7.530.943 ,  8.033.613 ,  7.287.225 ,  6.837.775 ,  6.781.309 ,  6.611.357 ,  6.843.493 ,  7.274.689 ,  7.489.159 ,  7.484.640 ,  7.959.463 ,  87.787.770 
REGIÃO GEOGRÁFICA,,,,,,,,,,,,,
Norte,  388.695 ,  368.359 ,  381.057 ,  407.650 ,  427.604 ,  442.573 ,  443.522 ,  498.127 ,  473.409 ,  477.738 ,  461.989 ,  460.742 ,  5.231.465 
Nordeste,  1.220.215 ,  1.192.507 ,  1.188.985 ,  1.151.481 ,  1.139.564 ,  1.149.256 ,  1.139.051 ,  1.165.374 ,  1.196.069 ,  1.261.749 ,  1.287.869 ,  1.335.987 ,  14.428.106 
Sudeste,  4.120.382 ,  3.989.920 ,  4.447.539 ,  3.786.103 ,  3.471.491 ,  3.466.522 ,  3.333.260 ,  3.404.061 ,  3.738.709 ,  3.852.145 ,  3.790.803 ,  4.076.276 ,  45.477.210 
Sul,  1.348.625 ,  1.380.638 ,  1.402.155 ,  1.353.177 ,  1.228.535 ,  1.143.921 ,  1.151.509 ,  1.206.160 ,  1.205.796 ,  1.236.577 ,  1.309.594 ,  1.436.920 ,  15.403.606 
Centro-Oeste,  576.189 ,  599.518 ,  613.878 ,  588.814 ,  570.581 ,  579.038 ,  544.014 ,  569.771 ,  660.707 ,  660.950 ,  634.385 ,  649.539 ,  7.247.385 
SUBSISTEMA ELÉTRICO,,,,,,,,,,,,,
Sistemas Isolados,  42.334 ,  40.456 ,  39.367 ,  44.332 ,  43.999 ,  42.268 ,  42.582 ,  45.347 ,  49.528 ,  49.022 ,  48.047 ,  46.781 ,  534.064 
Norte,  383.992 ,  363.893 ,  382.273 ,  397.052 ,  419.017 ,  431.765 ,  442.873 ,  492.374 ,  460.372 ,  464.889 ,  453.006 ,  454.299 ,  5.145.805 
Nordeste,  1.117.298 ,  1.094.495 ,  1.089.532 ,  1.051.048 ,  1.035.811 ,  1.045.873 ,  1.031.088 ,  1.053.043 ,  1.081.695 ,  1.146.149 ,  1.174.602 ,  1.220.997 ,  13.141.631 
Sudeste/C.Oeste,  4.761.856 ,  4.651.460 ,  5.120.286 ,  4.441.615 ,  4.110.413 ,  4.117.482 ,  3.943.304 ,  4.046.570 ,  4.477.297 ,  4.592.521 ,  4.499.392 ,  4.800.467 ,  53.562.664 
Sul,  1.348.625 ,  1.380.638 ,  1.402.155 ,  1.353.177 ,  1.228.535 ,  1.143.921 ,  1.151.509 ,  1.206.160 ,  1.205.796 ,  1.236.577 ,  1.309.594 ,  1.436.920 ,  15.403.606 
,,,,,,,,,,,,,
,2020,,,,,,,,,,,,
TOTAL COMERCIAL (CATIVO + LIVRE),JAN,FEV,MAR,ABR,MAI,JUN,JUL,AGO,SET,OUT,NOV,DEZ,ANO
,  8.019.694 ,  8.039.224 ,  7.816.091 ,  6.388.288 ,  5.774.137 ,  5.611.285 ,  5.934.881 ,  6.250.459 ,  6.666.275 ,  7.353.303 ,  7.150.141 ,  7.520.377 ,  82.524.155 
REGIÃO GEOGRÁFICA,,,,,,,,,,,,,
Norte,  422.928 ,  433.891 ,  418.878 ,  348.651 ,  342.110 ,  363.211 ,  407.644 ,  436.044 ,  447.735 ,  456.182 ,  440.280 ,  435.348 ,  4.952.902 
Nordeste,  1.283.465 ,  1.263.178 ,  1.252.063 ,  992.342 ,  935.126 ,  912.010 ,  979.272 ,  1.006.838 ,  1.078.205 ,  1.188.117 ,  1.146.757 ,  1.178.773 ,  13.216.145 
Sudeste,  4.229.304 ,  4.191.409 ,  4.072.869 ,  3.318.789 ,  2.982.078 ,  2.860.468 ,  3.015.118 ,  3.198.269 ,  3.431.649 ,  3.890.202 ,  3.718.647 ,  3.965.809 ,  42.874.611 
Sul,  1.453.546 ,  1.487.690 ,  1.419.092 ,  1.176.547 ,  1.016.722 ,  998.792 ,  1.032.481 ,  1.056.951 ,  1.109.652 ,  1.176.297 ,  1.217.801 ,  1.309.577 ,  14.455.148 
Centro-Oeste,  630.451 ,  663.056 ,  653.189 ,  551.958 ,  498.101 ,  476.803 ,  500.367 ,  552.357 ,  599.034 ,  642.506 ,  626.656 ,  630.870 ,  7.025.348 
SUBSISTEMA ELÉTRICO,,,,,,,,,,,,,
Sistemas Isolados,  45.788 ,  44.833 ,  46.090 ,  39.991 ,  36.931 ,  37.351 ,  41.285 ,  44.046 ,  46.725 ,  48.435 ,  48.016 ,  48.472 ,  527.964 
Norte,  404.606 ,  410.922 ,  397.842 ,  327.365 ,  323.781 ,  356.695 ,  401.725 ,  420.446 ,  428.563 ,  437.888 ,  421.156 ,  419.199 ,  4.750.188 
Nordeste,  1.182.865 ,  1.163.094 ,  1.155.004 ,  911.734 ,  855.655 ,  819.716 ,  878.457 ,  904.625 ,  972.360 ,  1.077.335 ,  1.038.250 ,  1.066.428 ,  12.025.522 
Sudeste/C.Oeste,  4.932.889 ,  4.932.685 ,  4.798.064 ,  3.932.651 ,  3.541.048 ,  3.398.730 ,  3.580.933 ,  3.824.390 ,  4.108.976 ,  4.613.349 ,  4.424.918 ,  4.676.701 ,  50.765.333 
Sul,  1.453.546 ,  1.487.690 ,  1.419.092 ,  1.176.547 ,  1.016.722 ,  998.792 ,  1.032.481 ,  1.056.951 ,  1.109.652 ,  1.176.297 ,  1.217.801 ,  1.309.577 ,  14.455.148 
,,,,,,,,,,,,,
,2019,,,,,,,,,,,,
TOTAL COMERCIAL (CATIVO + LIVRE),JAN,FEV,MAR,ABR,MAI,JUN,JUL,AGO,SET,OUT,NOV,DEZ,ANO
,  8.125.419 ,  8.209.493 ,  8.054.653 ,  7.781.941 ,  7.767.779 ,  7.140.814 ,  6.915.258 ,  6.945.604 ,  7.244.462 ,  7.754.692 ,  8.095.399 ,  8.047.980 ,  92.083.493 
REGIÃO GEOGRÁFICA,,,,,,,,,,,,,
Norte,  393.237 ,  384.184 ,  404.139 ,  410.520 ,  425.585 ,  421.486 ,  434.296 ,  445.000 ,  456.322 ,  451.290 ,  451.874 ,  452.907 ,  5.130.840 
Nordeste,  1.244.524 ,  1.258.334 ,  1.293.170 ,  1.265.486 ,  1.285.963 ,  1.209.099 ,  1.189.921 ,  1.171.070 ,  1.207.622 ,  1.286.050 ,  1.330.201 ,  1.390.622 ,  15.132.062 
Sudeste,  4.370.412 ,  4.365.504 ,  4.303.463 ,  4.115.920 ,  4.141.319 ,  3.726.296 ,  3.547.092 ,  3.575.392 ,  3.768.173 ,  4.084.436 ,  4.293.625 ,  4.194.166 ,  48.485.799 
Sul,  1.482.138 ,  1.523.768 ,  1.399.618 ,  1.343.136 ,  1.276.695 ,  1.176.295 ,  1.158.708 ,  1.156.687 ,  1.162.530 ,  1.255.707 ,  1.336.587 ,  1.358.280 ,  15.630.150 
Centro-Oeste,  635.108 ,  677.702 ,  654.262 ,  646.879 ,  638.217 ,  607.637 ,  585.240 ,  597.456 ,  649.815 ,  677.209 ,  683.111 ,  652.005 ,  7.704.641 
SUBSISTEMA ELÉTRICO,,,,,,,,,,,,,
Sistemas Isolados,  43.527 ,  40.918 ,  42.408 ,  45.285 ,  44.233 ,  42.018 ,  43.719 ,  43.250 ,  46.101 ,  49.412 ,  47.150 ,  46.803 ,  534.824 
Norte,  376.339 ,  372.721 ,  387.561 ,  391.892 ,  410.442 ,  411.965 ,  417.648 ,  433.821 ,  438.761 ,  435.425 ,  439.821 ,  444.811 ,  4.961.206 
Nordeste,  1.146.689 ,  1.159.795 ,  1.195.708 ,  1.166.102 ,  1.182.715 ,  1.105.231 ,  1.086.000 ,  1.064.109 ,  1.097.511 ,  1.174.829 ,  1.217.073 ,  1.275.757 ,  13.871.518 
Sudeste/C.Oeste,  5.076.725 ,  5.112.290 ,  5.029.358 ,  4.835.526 ,  4.853.694 ,  4.405.305 ,  4.209.182 ,  4.247.737 ,  4.499.560 ,  4.839.319 ,  5.054.768 ,  4.922.329 ,  57.085.794 
Sul,  1.482.138 ,  1.523.768 ,  1.399.618 ,  1.343.136 ,  1.276.695 ,  1.176.295 ,  1.158.708 ,  1.156.687 ,  1.162.530 ,  1.255.707 ,  1.336.587 ,  1.358.280 ,  15.630.150 
,,,,,,,,,,,,,
,2018,,,,,,,,,,,,
TOTAL COMERCIAL (CATIVO + LIVRE),JAN,FEV,MAR,ABR,MAI,JUN,JUL,AGO,SET,OUT,NOV,DEZ,ANO
,  7.611.452 ,  7.572.069 ,  7.865.509 ,  7.847.428 ,  7.417.647 ,  6.885.495 ,  6.747.084 ,  6.894.849 ,  7.030.951 ,  7.430.572 ,  7.573.780 ,  7.783.163 ,  88.659.999 
REGIÃO GEOGRÁFICA,,,,,,,,,,,,,
Norte,  383.695 ,  365.333 ,  402.733 ,  394.826 ,  406.347 ,  402.220 ,  405.699 ,  426.942 ,  422.603 ,  455.828 ,  436.701 ,  400.246 ,  4.903.172 
Nordeste,  1.194.154 ,  1.167.658 ,  1.201.575 ,  1.194.859 ,  1.179.366 ,  1.148.012 ,  1.091.109 ,  1.145.211 ,  1.146.312 ,  1.224.245 ,  1.263.488 ,  1.252.677 ,  14.208.666 
Sudeste,  4.079.859 ,  4.054.596 ,  4.218.606 ,  4.242.008 ,  3.926.690 ,  3.645.483 ,  3.569.522 ,  3.574.642 ,  3.707.136 ,  3.895.859 ,  3.980.073 ,  4.140.015 ,  47.034.488 
Sul,  1.351.222 ,  1.365.542 ,  1.401.413 ,  1.365.753 ,  1.294.824 ,  1.130.664 ,  1.118.044 ,  1.157.135 ,  1.145.579 ,  1.199.663 ,  1.253.653 ,  1.347.101 ,  15.130.591 
Centro-Oeste,  602.522 ,  618.941 ,  641.183 ,  649.983 ,  610.420 ,  559.116 ,  562.710 ,  590.919 ,  609.322 ,  654.978 ,  639.864 ,  643.124 ,  7.383.082 
SUBSISTEMA ELÉTRICO,,,,,,,,,,,,,
Sistemas Isolados,  41.647 ,  40.935 ,  42.864 ,  42.828 ,  41.509 ,  41.003 ,  41.258 ,  45.765 ,  44.905 ,  48.670 ,  47.683 ,  41.988 ,  521.055 
Norte,  375.586 ,  354.172 ,  389.520 ,  382.325 ,  396.170 ,  402.493 ,  397.884 ,  415.704 ,  415.691 ,  440.596 ,  424.921 ,  393.653 ,  4.788.715 
Nordeste,  1.093.727 ,  1.073.759 ,  1.102.474 ,  1.095.516 ,  1.077.517 ,  1.043.398 ,  989.668 ,  1.038.076 ,  1.038.476 ,  1.112.793 ,  1.153.077 ,  1.148.829 ,  12.967.310 
Sudeste/C.Oeste,  4.749.269 ,  4.737.662 ,  4.929.239 ,  4.961.006 ,  4.607.626 ,  4.267.937 ,  4.200.230 ,  4.238.169 ,  4.386.300 ,  4.628.851 ,  4.694.446 ,  4.851.592 ,  55.252.328 
Sul,  1.351.222 ,  1.365.542 ,  1.401.413 ,  1.365.753 ,  1.294.824 ,  1.130.664 ,  1.118.044 ,  1.157.135 ,  1.145.579 ,  1.199.663 ,  1.253.653 ,  1.347.101 ,  15.130.591 
,,,,,,,,,,,,,
,2017,,,,,,,,,,,,
TOTAL COMERCIAL (CATIVO + LIVRE),JAN,FEV,MAR,ABR,MAI,JUN,JUL,AGO,SET,OUT,NOV,DEZ,ANO
,  7.778.453 ,  7.683.653 ,  7.964.592 ,  7.697.452 ,  7.248.489 ,  7.010.216 ,  6.655.413 ,  6.718.745 ,  7.114.941 ,  7.309.398 ,  7.491.351 ,  7.619.787 ,  88.292.490 
REGIÃO GEOGRÁFICA,,,,,,,,,,,,,
Norte,  380.583 ,  358.759 ,  390.712 ,  388.390 ,  420.969 ,  416.895 ,  405.600 ,  437.404 ,  431.453 ,  438.035 ,  427.501 ,  413.124 ,  4.909.425 
Nordeste,  1.191.037 ,  1.165.026 ,  1.219.738 ,  1.208.650 ,  1.204.251 ,  1.177.000 ,  1.092.688 ,  1.127.467 ,  1.143.147 ,  1.209.333 ,  1.245.718 ,  1.271.428 ,  14.255.483 
Sudeste,  4.219.888 ,  4.152.985 ,  4.276.384 ,  4.124.395 ,  3.885.942 ,  3.677.308 ,  3.490.184 ,  3.443.507 ,  3.723.379 ,  3.852.910 ,  3.978.215 ,  4.051.793 ,  46.876.890 
Sul,  1.384.355 ,  1.386.440 ,  1.456.678 ,  1.330.808 ,  1.139.470 ,  1.142.548 ,  1.117.027 ,  1.140.863 ,  1.188.087 ,  1.194.519 ,  1.207.313 ,  1.280.794 ,  14.968.902 
Centro-Oeste,  602.590 ,  620.443 ,  621.080 ,  645.209 ,  597.857 ,  596.465 ,  549.914 ,  569.504 ,  628.875 ,  614.601 ,  632.604 ,  602.648 ,  7.281.790 
SUBSISTEMA ELÉTRICO,,,,,,,,,,,,,
Sistemas Isolados,  40.981 ,  39.434 ,  40.770 ,  39.781 ,  41.475 ,  41.809 ,  40.370 ,  44.466 ,  45.145 ,  45.936 ,  45.404 ,  43.808 ,  509.379 
Norte,  368.159 ,  350.396 ,  373.044 ,  378.889 ,  406.010 ,  409.095 ,  396.573 ,  423.066 ,  420.913 ,  428.536 ,  418.750 ,  407.224 ,  4.780.655 
Nordeste,  1.094.955 ,  1.069.399 ,  1.126.083 ,  1.109.851 ,  1.103.463 ,  1.071.158 ,  991.373 ,  1.019.790 ,  1.030.864 ,  1.093.919 ,  1.133.430 ,  1.160.513 ,  13.004.798 
Sudeste/C.Oeste,  4.890.003 ,  4.837.984 ,  4.968.017 ,  4.838.123 ,  4.558.071 ,  4.345.606 ,  4.110.070 ,  4.090.560 ,  4.429.932 ,  4.546.488 ,  4.686.454 ,  4.727.448 ,  55.028.756 
Sul,  1.384.355 ,  1.386.440 ,  1.456.678 ,  1.330.808 ,  1.139.470 ,  1.142.548 ,  1.117.027 ,  1.140.863 ,  1.188.087 ,  1.194.519 ,  1.207.313 ,  1.280.794 ,  14.968.902 
,,,,,,,,,,,,,
,2016,,,,,,,,,,,,
TOTAL COMERCIAL (CATIVO + LIVRE),JAN,FEV,MAR,ABR,MAI,JUN,JUL,AGO,SET,OUT,NOV,DEZ,ANO
,  7.760.773 ,  7.714.336 ,  7.798.026 ,  8.046.466 ,  7.379.039 ,  6.847.934 ,  6.686.063 ,  6.749.563 ,  6.998.392 ,  7.031.209 ,  7.335.151 ,  7.525.886 ,  87.872.838 
REGIÃO GEOGRÁFICA,,,,,,,,,,,,,
Norte,  392.658 ,  389.776 ,  405.899 ,  392.009 ,  415.427 ,  416.102 ,  421.191 ,  420.317 ,  422.149 ,  425.284 ,  418.111 ,  390.239 ,  4.909.162 
Nordeste,  1.191.688 ,  1.158.481 ,  1.249.510 ,  1.217.130 ,  1.196.339 ,  1.170.478 ,  1.109.719 ,  1.144.042 ,  1.176.506 ,  1.202.077 ,  1.236.229 ,  1.269.711 ,  14.321.910 
Sudeste,  4.227.956 ,  4.167.271 ,  4.155.268 ,  4.398.022 ,  3.960.712 ,  3.611.034 ,  3.507.200 ,  3.524.375 ,  3.706.102 ,  3.698.574 ,  3.902.049 ,  4.015.309 ,  46.873.872 
Sul,  1.352.653 ,  1.394.509 ,  1.357.823 ,  1.383.419 ,  1.215.606 ,  1.082.493 ,  1.099.260 ,  1.095.412 ,  1.101.469 ,  1.099.866 ,  1.178.434 ,  1.256.083 ,  14.617.027 
Centro-Oeste,  595.818 ,  604.299 ,  629.526 ,  655.886 ,  590.955 ,  567.827 ,  548.693 ,  565.417 ,  592.166 ,  605.408 ,  600.328 ,  594.544 ,  7.150.867 
SUBSISTEMA ELÉTRICO,,,,,,,,,,,,,
Sistemas Isolados,  42.148 ,  42.839 ,  44.375 ,  42.081 ,  41.674 ,  41.477 ,  40.998 ,  44.071 ,  44.163 ,  44.463 ,  43.927 ,  37.270 ,  509.486 
Norte,  385.918 ,  378.321 ,  392.635 ,  382.583 ,  412.879 ,  415.829 ,  414.930 ,  405.515 ,  418.063 ,  415.443 ,  409.130 ,  391.683 ,  4.822.929 
Nordeste,  1.089.817 ,  1.060.148 ,  1.147.304 ,  1.115.999 ,  1.089.260 ,  1.064.305 ,  1.006.148 ,  1.041.404 ,  1.067.297 ,  1.095.424 ,  1.128.478 ,  1.160.496 ,  13.066.080 
Sudeste/C.Oeste,  4.890.237 ,  4.838.519 ,  4.855.889 ,  5.122.384 ,  4.619.620 ,  4.243.830 ,  4.124.727 ,  4.163.161 ,  4.367.400 ,  4.376.013 ,  4.575.182 ,  4.680.354 ,  54.857.316 
Sul,  1.352.653 ,  1.394.509 ,  1.357.823 ,  1.383.419 ,  1.215.606 ,  1.082.493 ,  1.099.260 ,  1.095.412 ,  1.101.469 ,  1.099.866 ,  1.178.434 ,  1.256.083 ,  14.617.027 
,,,,,,,,,,,,,
,2015,,,,,,,,,,,,
TOTAL COMERCIAL (CATIVO + LIVRE),JAN,FEV,MAR,ABR,MAI,JUN,JUL,AGO,SET,OUT,NOV,DEZ,ANO
,  8.076.143 ,  8.089.865 ,  7.907.780 ,  7.906.721 ,  7.363.736 ,  7.072.660 ,  6.838.562 ,  7.077.425 ,  7.161.169 ,  7.630.771 ,  7.790.700 ,  7.852.009 ,  90.767.541 
REGIÃO GEOGRÁFICA,,,,,,,,,,,,,
Norte,  382.901 ,  376.873 ,  391.184 ,  380.982 ,  385.433 ,  389.646 ,  416.243 ,  420.605 ,  446.105 ,  460.262 ,  447.321 ,  445.125 ,  4.942.680 
Nordeste,  1.185.404 ,  1.179.050 ,  1.197.847 ,  1.192.788 ,  1.196.284 ,  1.135.185 ,  1.083.527 ,  1.117.185 ,  1.149.289 ,  1.182.344 ,  1.210.805 ,  1.267.860 ,  14.097.568 
Sudeste,  4.476.630 ,  4.446.794 ,  4.320.106 ,  4.326.175 ,  3.979.116 ,  3.802.300 ,  3.661.598 ,  3.772.081 ,  3.780.478 ,  4.136.559 ,  4.262.362 ,  4.258.472 ,  49.222.671 
Sul,  1.423.852 ,  1.468.664 ,  1.394.635 ,  1.378.983 ,  1.203.345 ,  1.174.355 ,  1.116.501 ,  1.180.559 ,  1.161.470 ,  1.197.395 ,  1.211.843 ,  1.247.150 ,  15.158.752 
Centro-Oeste,  607.356 ,  618.484 ,  604.008 ,  627.793 ,  599.558 ,  571.174 ,  560.693 ,  586.995 ,  623.827 ,  654.211 ,  658.369 ,  633.402 ,  7.345.870 
SUBSISTEMA ELÉTRICO,,,,,,,,,,,,,
Sistemas Isolados,  64.039 ,  59.731 ,  61.833 ,  61.029 ,  59.534 ,  39.704 ,  40.996 ,  42.434 ,  46.384 ,  48.639 ,  45.774 ,  45.571 ,  615.668 
Norte,  354.797 ,  354.471 ,  361.453 ,  349.710 ,  361.849 ,  384.420 ,  407.881 ,  414.458 ,  434.961 ,  447.189 ,  437.471 ,  434.520 ,  4.743.180 
Nordeste,  1.087.228 ,  1.080.684 ,  1.099.718 ,  1.095.405 ,  1.095.129 ,  1.032.325 ,  982.588 ,  1.010.322 ,  1.038.771 ,  1.071.768 ,  1.101.277 ,  1.158.541 ,  12.853.756 
Sudeste/C.Oeste,  5.146.227 ,  5.126.315 ,  4.990.141 ,  5.021.594 ,  4.643.879 ,  4.441.856 ,  4.290.596 ,  4.429.652 ,  4.479.583 ,  4.865.780 ,  4.994.335 ,  4.966.227 ,  57.396.185 
Sul,  1.423.852 ,  1.468.664 ,  1.394.635 ,  1.378.983 ,  1.203.345 ,  1.174.355 ,  1.116.501 ,  1.180.559 ,  1.161.470 ,  1.197.395 ,  1.211.843 ,  1.247.150 ,  15.158.752 
,,,,,,,,,,,,,
,2014,,,,,,,,,,,,
TOTAL COMERCIAL (CATIVO + LIVRE),JAN,FEV,MAR,ABR,MAI,JUN,JUL,AGO,SET,OUT,NOV,DEZ,ANO
,  7.745.052 ,  8.204.334 ,  7.744.219 ,  7.587.765 ,  7.303.571 ,  6.862.125 ,  6.772.573 ,  6.989.447 ,  7.186.043 ,  7.615.292 ,  7.974.122 ,  7.855.916 ,  89.840.459 
REGIÃO GEOGRÁFICA,,,,,,,,,,,,,
Norte,  364.824 ,  356.026 ,  366.477 ,  372.337 ,  387.384 ,  389.131 ,  387.745 ,  406.366 ,  427.993 ,  420.243 ,  412.618 ,  431.540 ,  4.722.684 
Nordeste,  1.120.445 ,  1.116.123 ,  1.123.509 ,  1.130.430 ,  1.110.861 ,  1.076.772 ,  1.061.101 ,  1.085.434 ,  1.116.911 ,  1.167.133 ,  1.199.429 ,  1.200.076 ,  13.508.224 
Sudeste,  4.297.545 ,  4.571.717 ,  4.297.438 ,  4.172.930 ,  4.004.548 ,  3.705.710 ,  3.668.148 ,  3.724.566 ,  3.836.984 ,  4.140.729 ,  4.335.580 ,  4.224.267 ,  48.980.162 
Sul,  1.371.375 ,  1.552.666 ,  1.354.454 ,  1.304.682 ,  1.210.462 ,  1.129.243 ,  1.120.099 ,  1.190.076 ,  1.185.527 ,  1.228.703 ,  1.363.207 ,  1.391.738 ,  15.402.232 
Centro-Oeste,  590.863 ,  607.802 ,  602.341 ,  607.386 ,  590.316 ,  561.269 ,  535.480 ,  583.005 ,  618.628 ,  658.484 ,  663.288 ,  608.295 ,  7.227.157 
SUBSISTEMA ELÉTRICO,,,,,,,,,,,,,
Sistemas Isolados,  61.495 ,  56.072 ,  56.602 ,  58.079 ,  59.686 ,  59.356 ,  59.369 ,  62.207 ,  68.099 ,  68.389 ,  68.122 ,  68.010 ,  745.486 
Norte,  332.073 ,  329.691 ,  339.519 ,  342.940 ,  358.346 ,  364.121 ,  362.067 ,  382.110 ,  393.026 ,  388.076 ,  386.672 ,  395.831 ,  4.374.472 
Nordeste,  1.027.718 ,  1.025.307 ,  1.031.626 ,  1.036.713 ,  1.018.529 ,  977.763 ,  964.932 ,  980.246 ,  1.009.801 ,  1.058.915 ,  1.089.653 ,  1.097.469 ,  12.318.672 
Sudeste/C.Oeste,  4.952.391 ,  5.240.598 ,  4.962.018 ,  4.845.351 ,  4.656.548 ,  4.331.642 ,  4.266.106 ,  4.374.808 ,  4.529.590 ,  4.871.209 ,  5.066.468 ,  4.902.868 ,  56.999.597 
Sul,  1.371.375 ,  1.552.666 ,  1.354.454 ,  1.304.682 ,  1.210.462 ,  1.129.243 ,  1.120.099 ,  1.190.076 ,  1.185.527 ,  1.228.703 ,  1.363.207 ,  1.391.738 ,  15.402.232 
,,,,,,,,,,,,,
,2013,,,,,,,,,,,,
TOTAL COMERCIAL (CATIVO + LIVRE),JAN,FEV,MAR,ABR,MAI,JUN,JUL,AGO,SET,OUT,NOV,DEZ,ANO
,  7.202.468 ,  7.035.408 ,  7.146.581 ,  7.050.788 ,  6.832.911 ,  6.594.674 ,  6.453.638 ,  6.601.480 ,  6.760.321 ,  7.071.235 ,  7.382.159 ,  7.572.217 ,  83.703.880 
REGIÃO GEOGRÁFICA,,,,,,,,,,,,,
Norte,  347.061 ,  333.251 ,  335.947 ,  357.678 ,  360.796 ,  369.874 ,  368.353 ,  378.295 ,  380.901 ,  403.748 ,  394.478 ,  400.897 ,  4.431.279 
Nordeste,  1.041.841 ,  1.038.983 ,  1.069.844 ,  1.094.925 ,  1.056.280 ,  998.773 ,  989.871 ,  1.014.840 ,  1.030.792 ,  1.100.343 ,  1.106.281 ,  1.115.960 ,  12.658.733 
Sudeste,  3.997.152 ,  3.839.762 ,  3.901.778 ,  3.844.698 ,  3.701.361 ,  3.589.719 ,  3.474.863 ,  3.513.265 ,  3.688.878 ,  3.855.692 ,  4.049.906 ,  4.171.501 ,  45.628.575 
Sul,  1.260.627 ,  1.268.508 ,  1.268.178 ,  1.178.874 ,  1.160.503 ,  1.088.309 ,  1.080.262 ,  1.139.007 ,  1.108.043 ,  1.129.613 ,  1.219.401 ,  1.279.086 ,  14.180.411 
Centro-Oeste,  555.787 ,  554.904 ,  570.834 ,  574.613 ,  553.971 ,  547.999 ,  540.289 ,  556.073 ,  551.707 ,  581.839 ,  612.093 ,  604.773 ,  6.804.882 
SUBSISTEMA ELÉTRICO,,,,,,,,,,,,,
Sistemas Isolados,  139.501 ,  131.947 ,  133.875 ,  138.887 ,  138.881 ,  144.900 ,  55.083 ,  54.998 ,  59.829 ,  61.828 ,  61.982 ,  59.586 ,  1.181.297 
Norte,  231.340 ,  228.357 ,  229.212 ,  237.873 ,  243.945 ,  251.554 ,  339.843 ,  354.528 ,  352.889 ,  373.923 ,  363.921 ,  369.631 ,  3.577.016 
Nordeste,  959.714 ,  956.074 ,  984.736 ,  1.012.988 ,  971.381 ,  910.627 ,  901.072 ,  922.786 ,  937.456 ,  1.000.980 ,  1.009.885 ,  1.022.926 ,  11.590.625 
Sudeste/C.Oeste,  4.611.286 ,  4.450.522 ,  4.530.580 ,  4.482.166 ,  4.318.201 ,  4.199.284 ,  4.077.378 ,  4.130.161 ,  4.302.104 ,  4.504.891 ,  4.726.970 ,  4.840.988 ,  53.174.531 
Sul,  1.260.627 ,  1.268.508 ,  1.268.178 ,  1.178.874 ,  1.160.503 ,  1.088.309 ,  1.080.262 ,  1.139.007 ,  1.108.043 ,  1.129.613 ,  1.219.401 ,  1.279.086 ,  14.180.411 
,,,,,,,,,,,,,
,2012,,,,,,,,,,,,
TOTAL COMERCIAL (CATIVO + LIVRE),JAN,FEV,MAR,ABR,MAI,JUN,JUL,AGO,SET,OUT,NOV,DEZ,ANO
,  6.466.277 ,  6.608.141 ,  7.036.828 ,  6.856.040 ,  6.416.533 ,  6.281.700 ,  6.033.383 ,  6.303.157 ,  6.501.886 ,  6.591.504 ,  7.051.341 ,  7.079.565 ,  79.226.356 
REGIÃO GEOGRÁFICA,,,,,,,,,,,,,
NORTE,  317.279 ,  318.568 ,  337.721 ,  327.529 ,  342.349 ,  345.116 ,  337.284 ,  363.541 ,  359.160 ,  367.210 ,  369.796 ,  357.563 ,  4.143.116 
NORDESTE,  973.416 ,  936.435 ,  989.802 ,  971.116 ,  990.934 ,  956.091 ,  911.282 ,  949.890 ,  937.373 ,  977.689 ,  998.921 ,  1.027.733 ,  11.620.682 
SUDESTE,  3.512.097 ,  3.587.243 ,  3.863.736 ,  3.812.378 ,  3.479.759 ,  3.433.501 ,  3.262.130 ,  3.403.874 ,  3.562.736 ,  3.608.276 ,  3.916.528 ,  3.869.697 ,  43.311.955 
SUL,  1.165.206 ,  1.246.471 ,  1.307.533 ,  1.194.042 ,  1.075.805 ,  1.035.927 ,  1.022.002 ,  1.077.418 ,  1.099.317 ,  1.073.768 ,  1.182.226 ,  1.260.976 ,  13.740.690 
C.OESTE,  498.280 ,  519.423 ,  538.035 ,  550.976 ,  527.687 ,  511.065 ,  500.685 ,  508.434 ,  543.301 ,  564.561 ,  583.870 ,  563.596 ,  6.409.913 
SUBSISTEMA ELÉTRICO,,,,,,,,,,,,,
Sistemas Isolados,  125.384 ,  138.530 ,  134.404 ,  128.713 ,  133.392 ,  137.028 ,  135.674 ,  141.992 ,  140.715 ,  146.969 ,  145.840 ,  142.932 ,  1.651.573 
Norte,  214.586 ,  200.278 ,  214.609 ,  216.398 ,  232.579 ,  230.939 ,  221.123 ,  237.354 ,  235.400 ,  241.079 ,  238.764 ,  239.049 ,  2.722.158 
Nordeste,  896.463 ,  863.302 ,  914.305 ,  894.439 ,  908.180 ,  872.577 ,  834.236 ,  867.262 ,  855.115 ,  891.108 ,  915.923 ,  941.923 ,  10.654.833 
Sudeste/C.Oeste,  4.064.639 ,  4.159.559 ,  4.465.976 ,  4.422.449 ,  4.066.578 ,  4.005.229 ,  3.820.348 ,  3.979.131 ,  4.171.340 ,  4.238.580 ,  4.568.588 ,  4.494.685 ,  50.457.102 
Sul,  1.165.206 ,  1.246.471 ,  1.307.533 ,  1.194.042 ,  1.075.805 ,  1.035.927 ,  1.022.002 ,  1.077.418 ,  1.099.317 ,  1.073.768 ,  1.182.226 ,  1.260.976 ,  13.740.690 
,,,,,,,,,,,,,
,2011,,,,,,,,,,,,
TOTAL COMERCIAL (CATIVO + LIVRE),JAN,FEV,MAR,ABR,MAI,JUN,JUL,AGO,SET,OUT,NOV,DEZ,ANO
,  6.250.067 ,  6.330.954 ,  6.373.328 ,  6.297.738 ,  6.002.047 ,  5.718.674 ,  5.654.276 ,  5.879.222 ,  6.113.102 ,  6.156.478 ,  6.207.693 ,  6.497.944 ,  73.481.523 
REGIÃO GEOGRÁFICA,,,,,,,,,,,,,
NORTE,  287.442 ,  269.817 ,  281.341 ,  287.353 ,  296.332 ,  317.205 ,  312.853 ,  325.461 ,  338.933 ,  336.425 ,  327.343 ,  336.838 ,  3.717.343 
NORDESTE,  900.535 ,  863.871 ,  915.968 ,  906.484 ,  871.547 ,  853.586 ,  843.446 ,  874.836 ,  886.611 ,  918.578 ,  933.587 ,  993.314 ,  10.762.363 
SUDESTE,  3.487.149 ,  3.573.759 ,  3.553.530 ,  3.512.605 ,  3.310.453 ,  3.113.468 ,  3.078.427 ,  3.194.445 ,  3.355.404 ,  3.359.320 ,  3.402.946 ,  3.524.609 ,  40.466.115 
SUL,  1.111.866 ,  1.149.499 ,  1.130.888 ,  1.079.477 ,  1.036.168 ,  975.806 ,  960.757 ,  998.381 ,  1.013.575 ,  1.020.582 ,  1.036.634 ,  1.126.012 ,  12.639.645 
C.OESTE,  463.075 ,  474.008 ,  491.601 ,  511.819 ,  487.547 ,  458.609 ,  458.793 ,  486.099 ,  518.579 ,  521.573 ,  507.183 ,  517.171 ,  5.896.057 
SUBSISTEMA ELÉTRICO,,,,,,,,,,,,,
Sistemas Isolados,  112.053 ,  106.818 ,  109.308 ,  111.963 ,  112.171 ,  119.912 ,  119.903 ,  126.443 ,  134.169 ,  133.146 ,  127.431 ,  129.062 ,  1.442.379 
Norte,  195.007 ,  178.996 ,  193.660 ,  196.957 ,  202.887 ,  219.807 ,  212.981 ,  221.204 ,  228.096 ,  224.830 ,  220.619 ,  230.109 ,  2.525.153 
Nordeste,  831.047 ,  800.828 ,  848.892 ,  835.357 ,  801.918 ,  779.584 ,  770.571 ,  798.234 ,  807.663 ,  840.270 ,  855.855 ,  913.724 ,  9.883.943 
Sudeste/C.Oeste,  4.000.094 ,  4.094.813 ,  4.090.580 ,  4.073.984 ,  3.848.903 ,  3.623.565 ,  3.590.064 ,  3.734.960 ,  3.929.599 ,  3.937.650 ,  3.967.154 ,  4.099.037 ,  46.990.403 
Sul,  1.111.866 ,  1.149.499 ,  1.130.888 ,  1.079.477 ,  1.036.168 ,  975.806 ,  960.757 ,  998.381 ,  1.013.575 ,  1.020.582 ,  1.036.634 ,  1.126.012 ,  12.639.645 
,,,,,,,,,,,,,
,2010,,,,,,,,,,,,
TOTAL COMERCIAL (CATIVO + LIVRE),JAN,FEV,MAR,ABR,MAI,JUN,JUL,AGO,SET,OUT,NOV,DEZ,ANO
,  5.850.652 ,  5.885.129 ,  6.162.429 ,  6.009.647 ,  5.657.847 ,  5.420.061 ,  5.223.668 ,  5.451.232 ,  5.657.844 ,  5.712.706 ,  5.833.309 ,  6.305.473 ,  69.169.997 
REGIÃO GEOGRÁFICA,,,,,,,,,,,,,
Norte,  266.606 ,  258.873 ,  276.651 ,  286.058 ,  285.313 ,  294.885 ,  287.235 ,  293.976 ,  310.910 ,  316.766 ,  308.172 ,  304.723 ,  3.490.168 
Nordeste,  833.708 ,  817.319 ,  907.111 ,  860.800 ,  871.460 ,  842.657 ,  802.952 ,  809.353 ,  823.253 ,  868.076 ,  910.543 ,  958.912 ,  10.306.144 
Sudeste,  3.260.027 ,  3.293.548 ,  3.408.517 ,  3.346.021 ,  3.122.012 ,  2.950.238 ,  2.820.500 ,  3.001.909 ,  3.116.562 ,  3.132.785 ,  3.179.251 ,  3.524.145 ,  38.155.515 
Sul,  1.048.372 ,  1.063.736 ,  1.091.851 ,  1.045.106 ,  929.995 ,  895.372 ,  893.902 ,  915.299 ,  939.703 ,  914.797 ,  960.696 ,  1.033.456 ,  11.732.285 
Centro-Oeste,  441.939 ,  451.653 ,  478.299 ,  471.662 ,  449.067 ,  436.909 ,  419.079 ,  430.695 ,  467.416 ,  480.282 ,  474.647 ,  484.237 ,  5.485.885 
SUBSISTEMA ELÉTRICO,,,,,,,,,,,,,
Sistemas Isolados,  105.781 ,  100.420 ,  101.653 ,  112.391 ,  109.509 ,  113.503 ,  109.517 ,  115.315 ,  121.220 ,  121.988 ,  120.860 ,  116.958 ,  1.349.115 
Norte,  178.973 ,  177.728 ,  200.971 ,  191.504 ,  197.229 ,  203.775 ,  197.223 ,  207.588 ,  212.592 ,  214.056 ,  210.083 ,  207.281 ,  2.399.003 
Nordeste,  771.546 ,  756.432 ,  838.235 ,  794.694 ,  802.908 ,  775.473 ,  735.718 ,  735.875 ,  751.479 ,  794.110 ,  836.536 ,  889.953 ,  9.482.959 
Sudeste/C.Oeste,  3.745.980 ,  3.786.813 ,  3.929.719 ,  3.865.952 ,  3.618.206 ,  3.431.938 ,  3.287.308 ,  3.477.155 ,  3.632.850 ,  3.667.755 ,  3.705.134 ,  4.057.825 ,  44.206.635 
Sul,  1.048.372 ,  1.063.736 ,  1.091.851 ,  1.045.106 ,  929.995 ,  895.372 ,  893.902 ,  915.299 ,  939.703 ,  914.797 ,  960.696 ,  1.033.456 ,  11.732.285 
,,,,,,,,,,,,,
,2009,,,,,,,,,,,,
TOTAL COMERCIAL (CATIVO + LIVRE),JAN,FEV,MAR,ABR,MAI,JUN,JUL,AGO,SET,OUT,NOV,DEZ,ANO
,  5.367.747 ,  5.442.517 ,  5.698.327 ,  5.685.560 ,  5.247.517 ,  5.031.436 ,  4.996.843 ,  5.129.084 ,  5.304.022 ,  5.493.177 ,  5.763.756 ,  6.094.576 ,  65.254.562 
REGIÃO GEOGRÁFICA,,,,,,,,,,,,,
Norte,  249.229 ,  237.819 ,  236.283 ,  241.730 ,  245.073 ,  255.387 ,  261.549 ,  270.606 ,  283.421 ,  283.368 ,  288.432 ,  291.678 ,  3.144.575 
Nordeste,  775.561 ,  762.097 ,  780.341 ,  797.078 ,  749.042 ,  740.745 ,  738.731 ,  768.563 ,  779.862 ,  825.015 ,  835.007 ,  896.312 ,  9.448.354 
Sudeste,  2.989.284 ,  3.049.301 ,  3.230.457 ,  3.167.307 ,  2.929.088 ,  2.782.927 ,  2.758.765 ,  2.816.727 ,  2.949.799 ,  3.066.268 ,  3.227.613 ,  3.413.601 ,  36.381.137 
Sul,  940.797 ,  973.068 ,  1.014.927 ,  1.016.634 ,  897.256 ,  845.908 ,  832.818 ,  847.192 ,  858.948 ,  870.072 ,  959.801 ,  1.035.231 ,  11.092.652 
Centro-Oeste,  412.876 ,  420.232 ,  436.319 ,  462.811 ,  427.058 ,  406.469 ,  404.980 ,  425.996 ,  431.992 ,  448.454 ,  452.903 ,  457.754 ,  5.187.844 
SUBSISTEMA ELÉTRICO,,,,,,,,,,,,,
Sistemas Isolados,  134.875 ,  131.551 ,  127.683 ,  133.410 ,  139.992 ,  140.623 ,  139.840 ,  150.421 ,  157.808 ,  159.338 ,  115.063 ,  115.314 ,  1.645.918 
Norte,  171.986 ,  160.961 ,  163.518 ,  162.847 ,  158.222 ,  172.583 ,  185.704 ,  187.225 ,  194.273 ,  193.271 ,  191.424 ,  187.905 ,  2.129.919 
Nordeste,  719.547 ,  708.998 ,  726.737 ,  743.845 ,  697.217 ,  684.206 ,  676.099 ,  702.863 ,  712.575 ,  757.203 ,  770.567 ,  839.581 ,  8.739.438 
Sudeste/C.Oeste,  3.400.542 ,  3.467.939 ,  3.665.462 ,  3.628.824 ,  3.354.830 ,  3.188.116 ,  3.162.382 ,  3.241.383 ,  3.380.418 ,  3.513.293 ,  3.726.901 ,  3.916.545 ,  41.646.635 
Sul,  940.797 ,  973.068 ,  1.014.927 ,  1.016.634 ,  897.256 ,  845.908 ,  832.818 ,  847.192 ,  858.948 ,  870.072 ,  959.801 ,  1.035.231 ,  11.092.652 
,,,,,,,,,,,,,
,2008,,,,,,,,,,,,
TOTAL COMERCIAL (CATIVO + LIVRE),JAN,FEV,MAR,ABR,MAI,JUN,JUL,AGO,SET,OUT,NOV,DEZ,ANO
,  5.227.522 ,  5.190.004 ,  5.242.256 ,  5.206.102 ,  5.090.517 ,  4.829.191 ,  4.790.579 ,  4.984.063 ,  5.104.420 ,  5.260.713 ,  5.501.496 ,  5.386.038 ,  61.812.900 
REGIÃO GEOGRÁFICA,,,,,,,,,,,,,
Norte,  230.613 ,  223.092 ,  225.883 ,  228.057 ,  235.734 ,  240.994 ,  244.538 ,  257.333 ,  272.428 ,  272.712 ,  267.746 ,  263.904 ,  2.963.034 
Nordeste,  755.506 ,  733.385 ,  750.417 ,  729.704 ,  731.481 ,  701.720 ,  697.764 ,  701.448 ,  727.887 ,  779.849 ,  783.883 ,  815.131 ,  8.908.174 
Sudeste,  2.955.693 ,  2.937.432 ,  2.924.592 ,  2.918.220 ,  2.896.774 ,  2.695.492 ,  2.685.032 ,  2.791.889 ,  2.844.662 ,  2.955.147 ,  3.108.391 ,  2.971.975 ,  34.685.299 
Sul,  917.398 ,  908.819 ,  940.638 ,  921.767 ,  833.209 ,  809.086 ,  795.902 ,  839.748 ,  839.605 ,  835.353 ,  894.521 ,  917.164 ,  10.453.210 
Centro-Oeste,  368.312 ,  387.276 ,  400.726 ,  408.354 ,  393.319 ,  381.899 ,  367.343 ,  393.645 ,  419.838 ,  417.652 ,  446.955 ,  417.864 ,  4.803.183 
SUBSISTEMA ELÉTRICO,,,,,,,,,,,,,
Sistemas Isolados,  126.553 ,  124.241 ,  123.365 ,  126.331 ,  129.727 ,  130.128 ,  131.541 ,  142.738 ,  147.494 ,  146.188 ,  149.025 ,  143.386 ,  1.620.717 
Norte,  158.773 ,  149.541 ,  156.996 ,  153.539 ,  161.903 ,  167.860 ,  172.653 ,  178.078 ,  188.226 ,  192.360 ,  184.218 ,  183.688 ,  2.047.834 
Nordeste,  703.545 ,  685.452 ,  698.415 ,  680.336 ,  678.119 ,  647.255 ,  640.663 ,  640.657 ,  667.465 ,  716.395 ,  720.731 ,  754.014 ,  8.233.047 
Sudeste/C.Oeste,  3.321.253 ,  3.321.951 ,  3.322.842 ,  3.324.129 ,  3.287.559 ,  3.074.862 ,  3.049.820 ,  3.182.842 ,  3.261.630 ,  3.370.417 ,  3.553.001 ,  3.387.786 ,  39.458.092 
Sul,  917.398 ,  908.819 ,  940.638 ,  921.767 ,  833.209 ,  809.086 ,  795.902 ,  839.748 ,  839.605 ,  835.353 ,  894.521 ,  917.164 ,  10.453.210 
,,,,,,,,,,,,,
,2007,,,,,,,,,,,,
TOTAL COMERCIAL (CATIVO + LIVRE),JAN,FEV,MAR,ABR,MAI,JUN,JUL,AGO,SET,OUT,NOV,DEZ,ANO
,  4.941.580 ,  4.923.943 ,  5.099.470 ,  5.287.341 ,  4.864.118 ,  4.587.140 ,  4.486.888 ,  4.520.225 ,  4.787.183 ,  4.881.812 ,  5.105.641 ,  5.161.662 ,  58.647.003 
REGIÃO GEOGRÁFICA,,,,,,,,,,,,,
Norte,  220.446 ,  215.023 ,  212.495 ,  223.502 ,  227.031 ,  235.693 ,  229.867 ,  234.881 ,  247.138 ,  246.043 ,  249.274 ,  245.754 ,  2.787.147 
Nordeste,  708.971 ,  687.911 ,  678.862 ,  709.879 ,  694.475 ,  680.629 ,  656.287 ,  672.509 ,  655.473 ,  704.745 ,  738.916 ,  757.671 ,  8.346.328 
Sudeste,  2.789.730 ,  2.786.112 ,  2.939.192 ,  3.043.236 ,  2.764.729 ,  2.581.799 ,  2.522.240 ,  2.513.753 ,  2.738.950 ,  2.748.375 ,  2.904.284 ,  2.916.529 ,  33.248.929 
Sul,  874.357 ,  877.843 ,  901.913 ,  912.558 ,  822.368 ,  752.167 ,  742.666 ,  761.564 ,  788.053 ,  798.207 ,  832.584 ,  863.827 ,  9.928.107 
Centro-Oeste,  348.076 ,  357.054 ,  367.008 ,  398.166 ,  355.515 ,  336.852 ,  335.828 ,  337.518 ,  357.569 ,  384.442 ,  380.583 ,  377.881 ,  4.336.492 
SUBSISTEMA ELÉTRICO,,,,,,,,,,,,,
Sistemas Isolados,  120.817 ,  119.680 ,  118.042 ,  124.134 ,  124.918 ,  127.927 ,  126.621 ,  126.930 ,  135.957 ,  134.654 ,  136.193 ,  134.889 ,  1.530.762 
Norte,  153.163 ,  145.580 ,  146.239 ,  154.709 ,  158.540 ,  163.033 ,  157.803 ,  168.859 ,  166.308 ,  171.526 ,  173.070 ,  172.465 ,  1.931.295 
Nordeste,  658.666 ,  641.040 ,  630.580 ,  658.151 ,  641.470 ,  628.168 ,  604.445 ,  614.316 ,  603.281 ,  647.514 ,  681.732 ,  698.841 ,  7.708.204 
Sudeste/C.Oeste,  3.134.577 ,  3.139.800 ,  3.302.696 ,  3.437.789 ,  3.116.822 ,  2.915.845 ,  2.855.353 ,  2.848.556 ,  3.093.584 ,  3.129.911 ,  3.282.062 ,  3.291.640 ,  37.548.635 
Sul,  874.357 ,  877.843 ,  901.913 ,  912.558 ,  822.368 ,  752.167 ,  742.666 ,  761.564 ,  788.053 ,  798.207 ,  832.584 ,  863.827 ,  9.928.107 
,,,,,,,,,,,,,
,2006,,,,,,,,,,,,
TOTAL COMERCIAL (CATIVO + LIVRE),JAN,FEV,MAR,ABR,MAI,JUN,JUL,AGO,SET,OUT,NOV,DEZ,ANO
,  4.642.995 ,  4.825.670 ,  4.875.071 ,  4.833.694 ,  4.418.609 ,  4.319.585 ,  4.230.515 ,  4.408.226 ,  4.512.014 ,  4.581.791 ,  4.768.229 ,  4.952.341 ,  55.368.739 
REGIÃO GEOGRÁFICA,,,,,,,,,,,,,
Norte,  209.089 ,  200.086 ,  203.756 ,  208.147 ,  205.988 ,  215.487 ,  218.196 ,  220.969 ,  236.941 ,  233.802 ,  231.300 ,  228.113 ,  2.611.872 
Nordeste,  661.528 ,  650.099 ,  675.512 ,  670.386 ,  642.832 ,  625.765 ,  613.783 ,  630.411 ,  642.213 ,  670.021 ,  696.130 ,  708.720 ,  7.887.398 
Sudeste,  2.638.036 ,  2.793.261 ,  2.815.357 ,  2.772.579 ,  2.534.543 ,  2.454.777 ,  2.392.106 ,  2.497.544 ,  2.575.627 ,  2.609.245 ,  2.703.651 ,  2.842.322 ,  31.629.048 
Sul,  805.834 ,  838.272 ,  832.411 ,  816.442 ,  702.202 ,  709.155 ,  697.170 ,  734.546 ,  713.323 ,  722.953 ,  782.298 ,  820.171 ,  9.174.778 
Centro-Oeste,  328.509 ,  343.952 ,  348.034 ,  366.140 ,  333.045 ,  314.402 ,  309.259 ,  324.756 ,  343.911 ,  345.771 ,  354.851 ,  353.015 ,  4.065.644 
SUBSISTEMA ELÉTRICO,,,,,,,,,,,,,
Sistemas Isolados,  116.292 ,  111.765 ,  110.369 ,  118.186 ,  112.439 ,  117.748 ,  121.875 ,  121.243 ,  131.879 ,  127.328 ,  127.893 ,  125.990 ,  1.443.006 
Norte,  141.309 ,  140.818 ,  140.474 ,  140.783 ,  143.977 ,  150.248 ,  145.112 ,  154.993 ,  161.058 ,  162.915 ,  158.676 ,  159.292 ,  1.799.654 
Nordeste,  615.834 ,  600.533 ,  631.562 ,  623.006 ,  595.742 ,  576.397 ,  568.059 ,  578.168 ,  589.415 ,  616.782 ,  644.004 ,  654.581 ,  7.294.080 
Sudeste/C.Oeste,  2.963.727 ,  3.134.282 ,  3.160.255 ,  3.135.278 ,  2.864.249 ,  2.766.038 ,  2.698.299 ,  2.819.275 ,  2.916.340 ,  2.951.813 ,  3.055.359 ,  3.192.306 ,  35.657.221 
Sul,  805.834 ,  838.272 ,  832.411 ,  816.442 ,  702.202 ,  709.155 ,  697.170 ,  734.546 ,  713.323 ,  722.953 ,  782.298 ,  820.171 ,  9.174.778 
,,,,,,,,,,,,,
,2005,,,,,,,,,,,,
TOTAL COMERCIAL (CATIVO + LIVRE),JAN,FEV,MAR,ABR,MAI,JUN,JUL,AGO,SET,OUT,NOV,DEZ,ANO
,  4.492.544 ,  4.365.606 ,  4.552.520 ,  4.687.080 ,  4.377.604 ,  4.297.519 ,  4.147.257 ,  4.141.719 ,  4.361.233 ,  4.412.144 ,  4.536.867 ,  4.662.469 ,  53.034.562 
REGIÃO GEOGRÁFICA,,,,,,,,,,,,,
Norte,  204.290 ,  190.882 ,  200.009 ,  201.345 ,  202.822 ,  209.085 ,  212.586 ,  210.947 ,  220.038 ,  219.891 ,  220.664 ,  218.719 ,  2.511.278 
Nordeste,  642.308 ,  621.586 ,  636.502 ,  640.081 ,  634.012 ,  600.850 ,  589.066 ,  606.902 ,  616.000 ,  645.190 ,  667.011 ,  689.891 ,  7.589.400 
Sudeste,  2.564.318 ,  2.471.439 ,  2.584.265 ,  2.701.315 ,  2.502.344 ,  2.463.656 ,  2.354.907 ,  2.334.137 ,  2.511.682 ,  2.520.176 ,  2.581.206 ,  2.634.338 ,  30.223.784 
Sul,  763.906 ,  764.489 ,  793.611 ,  790.953 ,  712.920 ,  707.961 ,  685.082 ,  686.422 ,  687.756 ,  688.045 ,  722.608 ,  786.291 ,  8.790.044 
Centro-Oeste,  317.721 ,  317.210 ,  338.132 ,  353.386 ,  325.505 ,  315.967 ,  305.616 ,  303.312 ,  325.756 ,  338.842 ,  345.378 ,  333.230 ,  3.920.056 
SUBSISTEMA ELÉTRICO,,,,,,,,,,,,,
Sistemas Isolados,  116.259 ,  110.656 ,  111.535 ,  114.953 ,  112.271 ,  117.014 ,  118.901 ,  115.310 ,  123.311 ,  121.854 ,  124.575 ,  122.716 ,  1.409.355 
Norte,  137.529 ,  127.564 ,  138.911 ,  137.096 ,  142.282 ,  144.377 ,  144.430 ,  149.817 ,  149.608 ,  151.472 ,  150.885 ,  153.591 ,  1.727.562 
Nordeste,  598.104 ,  579.786 ,  592.296 ,  595.764 ,  588.375 ,  554.361 ,  543.916 ,  558.092 ,  568.758 ,  597.290 ,  617.909 ,  638.055 ,  7.032.707 
Sudeste/C.Oeste,  2.876.746 ,  2.783.111 ,  2.916.167 ,  3.048.314 ,  2.821.755 ,  2.773.806 ,  2.654.927 ,  2.632.079 ,  2.831.801 ,  2.853.484 ,  2.920.889 ,  2.961.815 ,  34.074.894 
Sul,  763.906 ,  764.489 ,  793.611 ,  790.953 ,  712.920 ,  707.961 ,  685.082 ,  686.422 ,  687.756 ,  688.045 ,  722.608 ,  786.291 ,  8.790.044 
,,,,,,,,,,,,,
,2004,,,,,,,,,,,,
TOTAL COMERCIAL (CATIVO + LIVRE),JAN,FEV,MAR,ABR,MAI,JUN,JUL,AGO,SET,OUT,NOV,DEZ,ANO
,  4.244.837 ,  4.147.275 ,  4.203.863 ,  4.447.075 ,  4.105.720 ,  3.840.001 ,  3.887.234 ,  3.867.268 ,  4.121.321 ,  4.187.990 ,  4.233.169 ,  4.400.137 ,  49.685.888 
REGIÃO GEOGRÁFICA,,,,,,,,,,,,,
Norte,  193.810 ,  175.495 ,  182.757 ,  189.491 ,  191.642 ,  194.163 ,  194.497 ,  198.855 ,  204.080 ,  204.617 ,  208.619 ,  208.270 ,  2.346.296 
Nordeste,  589.290 ,  550.773 ,  573.028 ,  603.939 ,  570.177 ,  573.743 ,  539.452 ,  544.150 ,  577.055 ,  585.636 ,  614.453 ,  631.930 ,  6.953.625 
Sudeste,  2.450.453 ,  2.396.965 ,  2.402.521 ,  2.580.914 ,  2.344.084 ,  2.159.479 ,  2.233.526 ,  2.192.652 ,  2.359.085 ,  2.415.036 ,  2.418.875 ,  2.503.405 ,  28.456.995 
Sul,  704.002 ,  733.895 ,  738.457 ,  743.570 ,  696.579 ,  627.652 ,  636.654 ,  645.523 ,  664.784 ,  657.062 ,  677.551 ,  730.944 ,  8.256.675 
Centro-Oeste,  307.282 ,  290.147 ,  307.100 ,  329.161 ,  303.238 ,  284.963 ,  283.104 ,  286.088 ,  316.317 ,  325.639 ,  313.671 ,  325.588 ,  3.672.297 
SUBSISTEMA ELÉTRICO,,,,,,,,,,,,,
Sistemas Isolados,  110.006 ,  98.497 ,  101.514 ,  104.527 ,  105.032 ,  103.868 ,  108.434 ,  108.130 ,  113.017 ,  115.278 ,  116.499 ,  115.699 ,  1.300.502 
Norte,  129.277 ,  119.822 ,  127.718 ,  131.367 ,  134.406 ,  137.552 ,  133.558 ,  139.785 ,  141.883 ,  138.605 ,  142.038 ,  142.444 ,  1.618.456 
Nordeste,  548.438 ,  512.567 ,  531.811 ,  563.104 ,  527.663 ,  531.328 ,  497.250 ,  500.262 ,  531.735 ,  541.977 ,  570.077 ,  587.624 ,  6.443.837 
Sudeste/C.Oeste,  2.753.113 ,  2.682.494 ,  2.704.362 ,  2.904.507 ,  2.642.040 ,  2.439.601 ,  2.511.337 ,  2.473.567 ,  2.669.902 ,  2.735.068 ,  2.727.003 ,  2.823.425 ,  32.066.419 
Sul,  704.002 ,  733.895 ,  738.457 ,  743.570 ,  696.579 ,  627.652 ,  636.654 ,  645.523 ,  664.784 ,  657.062 ,  677.551 ,  730.944 ,  8.256.675 