Empresa de Pesquisa Energética - EPE,,,,,,,,,,,,,,,,,,,,,,,,,,,,,,,,,,,,,,,,,,,,,,,,,,,,,,,,,,,,,,,,,,,,,,,,,,,,,,,,,,,,,,,,,,,,,,,,,,,,,,,,,,,,,,,,,,,,,,,,,,,,,,,,,,,,,,,,,,,,,,,,,,,,,,,,,,,,,,,,,,,,,,,,,,,,,,,,,,,,,,,,,,,,,,,,,,,,,,,,,,,,,,,,,,,,,,,,,,,,,,,,,,,,,,,,,,,,,,,,,,,,,,,,,,,,
Consumo de energia elétrica na rede (MWh),,,,,,,,,,,,,,,,,,,,,,,,,,,,,,,,,,,,,,,,,,,,,,,,,,,,,,,,,,,,,,,,,,,,,,,,,,,,,,,,,,,,,,,,,,,,,,,,,,,,,,,,,,,,,,,,,,,,,,,,,,,,,,,,,,,,,,,,,,,,,,,,,,,,,,,,,,,,,,,,,,,,,,,,,,,,,,,,,,,,,,,,,,,,,,,,,,,,,,,,,,,,,,,,,,,,,,,,,,,,,,,,,,,,,,,,,,,,,,,,,,,,,,,,,,,,
Sistema SIMPLES,,,,,,,,,,,,,,,,,,,,,,,,,,,,,,,,,,,,,,,,,,,,,,,,,,,,,,,,,,,,,,,,,,,,,,,,,,,,,,,,,,,,,,,,,,,,,,,,,,,,,,,,,,,,,,,,,,,,,,,,,,,,,,,,,,,,,,,,,,,,,,,,,,,,,,,,,,,,,,,,,,,,,,,,,,,,,,,,,,,,,,,,,,,,,,,,,,,,,,,,,,,,,,,,,,,,,,,,,,,,,,,,,,,,,,,,,,,,,,,,,,,,,,,,,,,,
,,,,,,,,,,,,,,,,,,,,,,,,,,,,,,,,,,,,,,,,,,,,,,,,,,,,,,,,,,,,,,,,,,,,,,,,,,,,,,,,,,,,,,,,,,,,,,,,,,,,,,,,,,,,,,,,,,,,,,,,,,,,,,,,,,,,,,,,,,,,,,,,,,,,,,,,,,,,,,,,,,,,,,,,,,,,,,,,,,,,,,,,,,,,,,,,,,,,,,,,,,,,,,,,,,,,,,,,,,,,,,,,,,,,,,,,,,,,,,,,,,,,,,,,,,,,
,2004,,,,,,,,,,,,2005,,,,,,,,,,,,2006,,,,,,,,,,,,2007,,,,,,,,,,,,2008,,,,,,,,,,,,2009,,,,,,,,,,,,2010,,,,,,,,,,,,2011,,,,,,,,,,,,2012,,,,,,,,,,,,2013,,,,,,,,,,,,2014,,,,,,,,,,,,2015,,,,,,,,,,,,2016,,,,,,,,,,,,2017,,,,,,,,,,,,2018,,,,,,,,,,,,2019,,,,,,,,,,,,2020,,,,,,,,,,,,2021,,,,,,,,,,,,2022,,,,,,,,,,,,2023,,,,,,,,,,,,2024*,,,,,,,,,,,
,JAN,FEV,MAR,ABR,MAI,JUN,JUL,AGO,SET,OUT,NOV,DEZ,JAN,FEV,MAR,ABR,MAI,JUN,JUL,AGO,SET,OUT,NOV,DEZ,JAN,FEV,MAR,ABR,MAI,JUN,JUL,AGO,SET,OUT,NOV,DEZ,JAN,FEV,MAR,ABR,MAI,JUN,JUL,AGO,SET,OUT,NOV,DEZ,JAN,FEV,MAR,ABR,MAI,JUN,JUL,AGO,SET,OUT,NOV,DEZ,JAN,FEV,MAR,ABR,MAI,JUN,JUL,AGO,SET,OUT,NOV,DEZ,JAN,FEV,MAR,ABR,MAI,JUN,JUL,AGO,SET,OUT,NOV,DEZ,JAN,FEV,MAR,ABR,MAI,JUN,JUL,AGO,SET,OUT,NOV,DEZ,JAN,FEV,MAR,ABR,MAI,JUN,JUL,AGO,SET,OUT,NOV,DEZ,JAN,FEV,MAR,ABR,MAI,JUN,JUL,AGO,SET,OUT,NOV,DEZ,JAN,FEV,MAR,ABR,MAI,JUN,JUL,AGO,SET,OUT,NOV,DEZ,JAN,FEV,MAR,ABR,MAI,JUN,JUL,AGO,SET,OUT,NOV,DEZ,JAN,FEV,MAR,ABR,MAI,JUN,JUL,AGO,SET,OUT,NOV,DEZ,JAN,FEV,MAR,ABR,MAI,JUN,JUL,AGO,SET,OUT,NOV,DEZ,JAN,FEV,MAR,ABR,MAI,JUN,JUL,AGO,SET,OUT,NOV,DEZ,JAN,FEV,MAR,ABR,MAI,JUN,JUL,AGO,SET,OUT,NOV,DEZ,JAN,FEV,MAR,ABR,MAI,JUN,JUL,AGO,SET,OUT,NOV,DEZ,JAN,FEV,MAR,ABR,MAI,JUN,JUL,AGO,SET,OUT,NOV,DEZ,JAN,FEV,MAR,ABR,MAI,JUN,JUL,AGO,SET,OUT,NOV,DEZ,JAN,FEV,MAR,ABR,MAI,JUN,JUL,AGO,SET,OUT,NOV,DEZ,JAN,FEV,MAR,ABR,MAI,JUN,JUL,AGO,SET,OUT,NOV,DEZ
TOTAL POR UF,4.244.837,4.147.275,4.203.863,4.447.075,4.105.720,3.840.001,3.887.234,3.867.268,4.121.321,4.187.990,4.233.169,4.400.137,4.492.544,4.365.606,4.552.520,4.687.080,4.377.604,4.297.519,4.147.257,4.141.719,4.361.233,4.412.144,4.536.867,4.662.469,4.642.995,4.825.670,4.875.071,4.833.694,4.418.609,4.319.585,4.230.515,4.408.226,4.512.014,4.581.791,4.768.229,4.952.341,4.941.580,4.923.943,5.099.470,5.287.341,4.864.118,4.587.140,4.486.888,4.520.225,4.787.183,4.881.812,5.105.641,5.161.662,5.227.522,5.190.004,5.242.256,5.206.102,5.090.517,4.829.191,4.790.579,4.984.063,5.104.420,5.260.713,5.501.496,5.386.038,5.367.747,5.442.517,5.698.327,5.685.560,5.247.517,5.031.436,4.996.843,5.129.084,5.304.022,5.493.177,5.763.756,6.094.576,5.850.652,5.885.129,6.162.429,6.009.647,5.657.847,5.420.061,5.223.668,5.451.232,5.657.844,5.712.706,5.833.309,6.305.473,6.250.067,6.330.954,6.373.328,6.297.738,6.002.047,5.718.674,5.654.276,5.879.222,6.113.102,6.156.478,6.207.693,6.497.944,6.466.277,6.608.141,7.036.828,6.856.040,6.416.533,6.281.700,6.033.383,6.303.157,6.501.886,6.591.504,7.051.341,7.079.565,7.202.468,7.035.408,7.146.581,7.050.788,6.832.911,6.594.674,6.453.638,6.601.480,6.760.321,7.071.235,7.382.159,7.572.217,7.745.052,8.204.334,7.744.219,7.587.765,7.303.571,6.862.125,6.772.573,6.989.447,7.186.043,7.615.292,7.974.122,7.855.916,8.076.143,8.089.865,7.907.780,7.906.721,7.363.736,7.072.660,6.838.562,7.077.425,7.161.169,7.630.771,7.790.700,7.852.009,7.760.773,7.714.336,7.798.026,8.046.466,7.379.039,6.847.934,6.686.063,6.749.563,6.998.392,7.031.209,7.335.151,7.525.886,7.778.453,7.683.653,7.964.592,7.697.452,7.248.489,7.010.216,6.655.413,6.718.745,7.114.941,7.309.398,7.491.351,7.619.787,7.611.452,7.572.069,7.865.509,7.847.428,7.417.647,6.885.495,6.747.084,6.894.849,7.030.951,7.430.572,7.573.780,7.783.163,8.125.419,8.209.493,8.054.653,7.781.941,7.767.779,7.140.814,6.915.258,6.945.604,7.244.462,7.754.692,8.095.399,8.047.980,8.019.694,8.039.224,7.816.091,6.388.288,5.774.137,5.611.285,5.934.881,6.250.459,6.666.275,7.353.303,7.150.141,7.520.377,7.654.105,7.530.943,8.033.613,7.287.225,6.837.775,6.781.309,6.611.357,6.843.493,7.274.689,7.489.159,7.484.640,7.959.463,7.969.005,7.978.544,8.402.908,8.229.325,7.602.138,7.153.406,7.158.176,7.308.252,7.393.353,7.482.200,7.738.008,8.080.138,8.066.011,8.188.159,8.605.127,8.539.638,7.840.105,7.600.730,7.298.653,7.678.935,8.011.559,8.425.599,8.639.110,9.018.997,8.940.677,8.894.633,9.106.592,9.043.976,,,,,,,,
Rondônia,25.870,23.367,24.153,24.113,25.789,24.112,24.312,25.604,25.980,27.250,26.816,26.206,27.206,25.155,25.747,26.397,27.307,27.396,28.707,26.282,27.842,27.943,28.313,30.070,28.966,26.797,27.565,28.768,27.522,28.019,30.472,29.727,32.137,31.501,30.001,30.966,28.980,29.491,28.232,29.983,31.634,30.746,31.756,30.576,33.884,33.185,32.055,31.473,29.894,29.522,29.042,30.690,31.079,30.951,30.505,34.261,35.892,35.031,36.123,34.887,33.013,34.332,30.449,33.062,35.065,34.666,34.395,36.597,38.153,38.114,39.584,38.331,37.114,34.369,36.503,40.729,40.166,38.492,40.912,38.034,41.555,46.689,43.555,42.160,42.015,39.544,38.807,42.438,41.493,44.253,45.273,45.689,46.396,47.506,46.594,47.466,44.418,43.007,53.988,47.703,48.628,49.920,46.728,55.764,53.424,52.966,56.362,50.225,46.995,44.797,47.623,51.194,51.972,49.930,51.477,50.027,50.644,55.138,53.027,53.253,51.617,48.144,49.551,52.568,49.907,52.707,50.952,55.189,60.187,58.201,55.853,56.945,49.773,48.812,52.050,53.460,52.049,54.095,53.804,55.228,59.847,59.172,57.024,57.998,51.980,52.199,55.293,53.620,53.596,51.364,53.228,57.096,53.580,55.628,54.801,53.416,51.309,48.994,53.181,51.900,56.429,54.622,53.895,58.865,59.221,59.752,58.334,55.040,54.098,51.459,55.904,55.431,57.374,51.373,56.042,59.614,55.864,62.870,59.784,54.965,56.160,55.380,56.768,57.543,58.945,56.518,61.912,60.517,64.484,61.977,61.707,60.574,57.799,62.173,56.624,49.997,50.229,49.545,54.005,59.693,62.425,64.926,63.095,63.636,49.477,49.089,46.180,53.960,55.040,55.541,53.407,57.865,61.224,61.321,57.849,58.105,55.438,51.351,57.027,56.925,60.023,55.906,58.845,62.511,63.313,63.402,60.625,63.862,57.347,54.871,61.713,59.678,63.534,63.088,60.077,65.204,68.834,67.340,69.317,68.373,63.592,61.717,64.375,67.186,,,,,,,,
Acre,7.895,7.329,7.420,7.345,7.142,6.955,7.205,7.580,8.309,7.910,8.377,8.122,8.024,7.878,8.068,7.587,7.567,8.600,8.270,8.024,8.351,9.009,9.141,8.968,8.602,8.356,8.610,9.007,8.215,8.454,9.341,8.964,9.981,9.672,9.921,10.207,9.013,9.600,9.435,9.358,9.383,8.845,9.536,9.441,9.846,10.516,10.364,10.030,9.703,9.875,9.498,9.847,9.743,9.594,9.889,11.082,11.005,11.310,11.352,11.058,10.485,10.278,9.278,11.136,10.146,10.200,10.281,10.760,12.041,12.083,12.149,11.902,11.371,11.493,10.884,12.385,11.915,11.071,11.818,11.349,12.481,13.573,13.135,12.346,12.545,12.454,11.273,12.023,14.168,12.178,12.450,13.784,14.487,14.721,15.698,15.066,14.315,14.204,14.916,16.069,15.077,15.402,15.582,16.380,17.132,18.205,17.220,16.036,16.078,15.342,14.894,16.194,16.196,16.424,15.569,15.395,15.868,17.748,16.984,16.636,18.294,18.506,18.580,18.299,17.519,17.724,17.265,18.296,20.394,20.820,18.698,20.055,17.116,16.624,18.810,18.960,17.937,19.190,19.806,20.575,20.800,21.257,21.669,21.876,19.358,19.568,21.012,19.787,19.215,18.413,20.506,21.601,20.587,21.408,23.190,22.449,21.391,20.414,22.236,21.488,23.137,22.574,21.347,24.253,24.179,25.050,22.999,23.357,17.879,17.677,18.846,18.527,18.315,16.706,17.295,18.619,19.219,20.849,20.864,18.300,21.375,19.788,21.254,21.445,21.979,21.289,21.872,21.104,23.663,22.652,23.314,22.637,21.827,22.999,21.970,17.718,16.436,17.470,17.407,20.870,22.765,22.943,23.789,23.629,21.670,18.739,17.651,18.971,18.989,22.396,18.721,21.508,23.707,24.266,22.217,22.388,21.464,20.338,21.459,21.893,22.062,20.726,22.736,22.869,22.775,23.731,22.916,22.562,21.636,20.649,22.479,21.441,22.452,21.567,22.285,24.295,25.331,25.390,25.277,24.610,23.626,22.968,23.381,24.940,,,,,,,,
Amazonas,49.832,50.457,47.374,49.875,50.280,50.734,53.678,52.589,55.148,55.374,55.504,55.654,55.779,52.497,52.179,55.001,52.808,56.443,57.251,57.331,60.826,58.926,60.379,57.287,56.039,54.535,52.198,57.158,54.620,58.056,59.619,59.328,64.766,60.813,61.654,59.814,57.020,56.946,55.838,59.755,58.987,63.666,60.547,62.334,65.619,64.729,67.081,66.297,61.063,60.120,59.746,60.964,64.721,63.604,65.219,70.556,72.113,69.923,71.268,68.479,64.356,60.694,62.884,64.486,68.214,69.674,69.046,76.523,78.172,79.026,80.592,81.309,74.180,70.581,70.211,79.541,76.178,79.898,77.467,81.905,85.176,85.157,83.926,81.054,76.646,73.982,76.186,78.143,77.596,84.401,85.439,90.892,95.488,92.722,89.331,89.652,87.675,103.023,99.293,89.306,97.252,97.683,97.478,102.290,99.563,104.020,102.574,100.250,98.262,94.184,94.971,97.432,98.510,102.982,100.756,108.376,110.244,112.590,109.600,108.177,103.676,96.205,101.161,104.372,109.543,106.480,108.565,115.146,121.142,113.746,112.154,117.889,110.962,101.765,110.634,109.084,110.278,107.651,113.899,120.819,126.563,131.610,118.359,116.075,114.442,106.846,113.510,107.748,110.228,111.077,109.691,108.282,103.998,108.642,100.565,72.730,97.214,89.100,102.215,94.147,105.584,101.784,102.532,110.241,103.601,105.666,104.532,94.257,94.627,89.693,107.625,101.448,100.738,102.584,104.480,111.825,107.012,122.960,115.421,103.954,104.460,104.135,109.628,107.593,112.602,108.465,113.467,121.051,116.658,112.576,119.735,118.943,119.916,122.465,116.481,83.597,84.384,94.842,110.896,116.087,117.264,115.984,111.261,108.025,89.778,79.477,94.871,102.995,109.563,112.874,118.203,155.641,125.349,126.744,122.169,118.587,114.486,106.626,116.136,113.565,93.340,110.633,125.392,135.581,134.471,132.866,130.245,125.544,119.195,110.512,125.556,123.118,133.650,132.674,138.483,148.584,147.337,146.305,140.994,133.602,134.212,133.945,138.722,137.675,,,,,,,,
Roraima,6.141,5.822,5.494,6.035,5.548,5.472,5.876,5.820,5.652,5.980,6.798,6.737,6.691,6.618,6.088,6.593,6.382,6.035,6.205,6.092,6.553,6.680,7.566,6.840,6.639,6.574,6.592,6.578,6.519,6.603,6.062,6.260,7.207,7.223,7.740,7.108,7.544,6.964,7.685,7.569,7.474,7.022,6.782,7.541,7.467,7.733,8.454,8.529,7.682,7.910,7.792,8.178,8.278,7.791,7.759,7.659,8.418,9.363,9.169,9.127,8.406,8.154,8.631,8.381,9.412,8.453,8.304,8.320,9.123,9.774,9.962,9.445,9.491,7.957,9.187,10.244,9.676,9.345,8.921,9.559,10.056,11.068,10.980,10.205,11.542,9.246,10.432,10.573,10.196,10.164,10.113,10.048,11.530,12.208,11.096,12.243,11.337,11.113,12.012,14.163,11.201,12.119,11.424,11.844,12.272,13.319,13.698,13.597,12.396,11.742,12.160,13.917,12.502,12.465,13.029,12.683,12.860,14.970,13.346,13.929,13.961,13.406,13.931,13.796,14.738,13.355,13.716,13.543,16.190,16.590,15.194,17.035,16.134,15.107,17.813,16.211,15.060,15.320,16.036,16.195,18.207,18.868,17.790,18.028,15.632,16.653,18.492,16.871,16.419,15.785,15.431,17.422,17.512,17.872,17.562,17.650,16.319,15.558,17.567,15.955,17.166,16.386,15.723,18.427,17.756,19.052,18.996,18.486,17.164,17.206,18.475,18.313,17.157,16.198,15.702,18.511,17.759,20.877,19.371,17.086,17.792,17.042,18.700,19.273,17.483,15.643,17.397,16.994,17.795,19.698,18.790,18.629,18.908,17.688,19.367,15.248,14.570,14.633,16.026,16.913,19.102,20.317,19.347,20.080,17.851,17.851,17.329,19.076,18.281,18.443,19.082,19.799,21.839,21.978,22.387,21.722,20.094,20.126,21.776,21.430,20.905,20.277,20.642,23.444,23.988,24.426,22.875,22.698,22.579,21.194,24.873,23.108,23.453,22.501,22.241,26.455,26.748,26.993,26.314,24.974,25.915,25.171,26.157,26.730,,,,,,,,
Pará,78.075,72.467,75.857,78.779,79.714,82.470,79.919,83.589,83.100,82.032,85.686,85.977,81.673,74.181,82.983,80.300,83.797,84.585,86.609,87.985,88.073,89.541,88.431,89.123,83.584,78.813,84.087,80.891,83.331,87.535,86.599,88.855,93.654,95.213,92.862,91.547,89.277,85.592,84.740,88.848,90.581,95.474,91.705,95.613,98.375,98.611,100.187,98.943,92.432,87.349,91.565,89.632,92.931,97.785,100.705,101.404,110.145,110.090,103.836,107.235,100.483,92.923,94.961,92.633,89.835,99.177,105.540,103.133,108.517,106.474,108.755,113.090,99.021,98.227,112.369,105.416,106.781,115.298,110.702,112.638,118.164,116.677,115.182,117.017,105.223,97.462,106.375,104.770,111.137,123.278,117.803,121.377,124.534,122.054,121.621,127.926,116.627,107.364,116.883,116.170,124.167,123.534,119.388,129.641,127.221,127.339,130.320,128.819,125.851,123.148,119.927,130.644,132.342,136.934,137.379,141.526,136.345,146.416,140.934,155.289,127.788,133.088,134.882,131.541,142.253,144.398,143.393,147.819,151.566,150.085,150.865,161.055,135.566,142.895,139.246,127.765,135.447,136.803,156.783,149.470,156.328,166.817,167.489,170.220,138.997,139.937,137.816,137.474,153.567,160.524,165.613,159.230,164.598,161.510,159.725,168.023,141.314,135.757,139.496,150.193,158.212,162.758,158.493,164.858,166.224,164.753,163.826,166.432,146.049,138.518,146.203,146.276,155.312,158.423,157.249,158.098,162.712,166.161,161.982,152.329,140.184,135.183,144.023,147.880,154.674,161.148,161.100,164.500,167.738,170.981,168.149,171.530,149.588,152.546,148.905,132.698,126.892,136.212,157.763,170.062,171.851,173.892,169.584,162.442,156.143,147.262,152.447,154.590,168.673,174.343,175.964,181.712,177.392,180.006,176.108,181.856,162.647,160.838,174.725,172.177,179.501,182.373,184.979,193.527,196.497,196.761,187.033,186.473,176.755,168.418,194.433,184.017,189.880,197.274,198.387,206.946,207.992,213.696,218.560,206.848,194.406,186.982,195.932,196.144,,,,,,,,
Amapá,12.164,3.894,8.639,8.461,7.704,8.309,8.733,7.858,8.850,9.621,9.772,9.605,9.605,9.605,9.605,9.605,8.551,9.157,9.103,8.696,10.296,9.998,9.725,10.058,9.655,9.225,8.771,9.788,8.813,9.912,9.671,10.041,10.604,10.892,11.421,10.963,11.123,9.613,9.683,10.155,10.261,10.952,11.430,10.238,12.092,11.488,11.227,11.640,11.356,10.228,10.941,10.439,9.497,11.574,11.351,11.974,12.540,13.567,14.251,13.398,12.735,12.526,11.126,11.357,12.492,12.685,12.548,12.932,14.811,14.850,15.056,15.305,13.801,13.927,13.666,13.844,14.810,15.303,14.046,14.994,16.603,15.855,16.322,16.370,15.095,15.005,14.196,14.472,15.722,16.275,15.349,16.014,17.455,18.414,17.767,17.688,17.913,16.539,14.702,16.857,16.379,18.578,18.103,18.226,19.304,19.934,19.684,19.642,19.815,17.649,18.137,18.572,18.240,20.240,18.819,18.219,21.657,21.607,22.967,21.654,21.329,19.154,18.003,20.403,19.813,21.183,20.408,21.976,23.462,22.798,23.935,22.892,22.483,21.133,19.966,20.662,20.342,20.863,21.831,22.435,25.626,24.534,28.739,24.250,21.231,21.378,20.924,20.470,22.195,21.507,21.744,19.523,23.271,22.753,25.056,21.357,20.209,18.246,19.697,19.907,21.649,21.109,20.244,23.836,22.228,24.081,22.432,21.273,21.392,19.017,20.160,19.723,20.093,20.263,20.646,22.221,22.630,24.259,23.008,20.120,19.565,19.099,19.377,20.039,21.574,21.199,21.793,23.074,24.504,24.182,23.297,23.058,21.308,20.631,20.307,17.889,18.051,18.349,19.233,19.701,18.308,20.264,17.820,20.883,21.535,23.518,21.687,23.014,21.621,22.804,22.348,24.677,25.153,24.881,25.315,21.931,20.575,18.513,21.185,19.926,21.565,22.355,22.587,23.411,25.103,26.246,23.196,23.793,21.309,18.451,22.387,22.833,23.913,25.023,25.092,30.217,25.102,27.594,27.976,27.175,25.635,25.095,25.339,26.448,,,,,,,,
Tocantins,13.832,12.160,13.819,14.883,15.465,16.111,14.775,15.815,17.041,16.450,15.665,15.969,15.312,14.950,15.339,15.862,16.410,16.869,16.442,16.537,18.097,17.794,17.108,16.373,15.602,15.786,15.933,15.957,16.969,16.908,16.431,17.794,18.592,18.487,17.700,17.508,17.489,16.817,16.882,17.834,18.711,18.988,18.111,19.138,19.855,19.781,19.906,18.842,18.483,18.088,17.299,18.307,19.485,19.695,19.110,20.397,22.315,23.428,21.747,19.720,19.751,18.912,18.954,20.675,19.909,20.532,21.435,22.341,22.604,23.047,22.334,22.296,21.628,22.319,23.831,23.899,25.787,25.478,23.369,25.497,26.875,27.747,25.072,25.571,24.376,22.124,24.072,24.934,26.020,26.656,26.426,27.657,29.043,28.800,25.236,26.797,24.994,23.318,25.927,27.261,29.645,27.880,28.581,29.396,30.244,31.427,29.938,28.994,27.664,26.389,28.235,29.725,31.034,30.899,31.324,32.069,33.283,35.279,37.620,31.959,28.159,27.523,30.369,31.358,33.611,33.284,33.446,34.397,35.052,38.003,35.919,35.669,30.867,30.537,32.665,34.840,34.320,35.724,34.084,35.883,38.734,38.004,36.251,36.678,31.018,33.195,38.852,36.039,40.207,37.432,34.978,37.163,38.603,37.471,37.212,34.614,32.827,30.690,36.320,34.800,38.792,37.662,33.366,36.924,38.244,39.681,36.382,34.279,32.486,31.761,35.521,35.108,37.359,36.672,34.283,38.054,37.406,37.852,36.272,33.492,33.701,33.557,34.389,36.747,38.328,37.224,36.755,37.759,41.481,39.224,36.883,37.536,33.582,35.389,35.225,31.505,31.547,32.160,32.314,32.718,36.020,37.855,35.384,36.653,32.240,32.423,30.892,35.044,35.437,36.173,35.797,36.925,38.745,38.543,35.944,36.153,32.971,32.588,37.432,38.279,39.406,39.379,39.051,40.429,42.666,43.725,39.280,37.600,34.738,35.098,39.935,37.873,40.181,41.039,40.260,41.552,43.376,44.697,43.095,43.730,37.668,39.192,43.354,45.082,,,,,,,,
Maranhão,40.478,37.893,40.878,40.503,42.202,42.065,41.961,43.550,44.972,43.339,43.990,43.923,43.829,41.382,43.722,43.949,45.269,46.121,44.782,48.808,46.846,47.505,48.726,51.421,45.286,49.178,43.529,46.962,46.727,49.012,45.401,51.894,52.421,52.856,51.750,53.721,49.855,46.476,47.827,51.341,52.638,52.128,51.502,57.858,51.825,56.876,56.868,58.436,51.470,47.546,51.535,49.013,53.004,54.079,56.772,60.391,60.074,63.077,62.671,60.720,55.580,52.648,53.128,52.825,51.452,56.079,62.257,65.327,66.830,67.404,64.011,56.212,61.659,60.381,68.350,65.630,68.100,66.736,66.786,73.105,71.347,73.481,73.529,68.489,68.937,62.591,66.611,70.637,69.223,73.557,72.419,76.115,78.471,77.850,77.242,79.110,76.448,72.672,75.027,76.230,82.313,83.065,76.663,82.185,81.833,86.153,82.476,85.358,81.639,82.396,84.672,81.390,84.447,87.700,88.358,91.582,92.848,98.872,95.849,92.504,92.155,90.325,91.323,93.215,91.780,98.487,95.670,104.692,106.607,107.673,109.230,102.036,97.566,97.778,97.585,96.822,100.582,102.307,100.387,106.306,109.946,109.965,108.915,108.652,101.173,97.691,101.577,100.489,106.454,105.544,102.937,102.058,108.602,106.011,107.097,108.458,95.399,94.963,92.956,98.160,100.145,105.151,100.731,106.974,111.632,114.752,111.576,110.208,99.706,93.183,98.429,98.598,101.167,103.947,100.844,106.467,107.188,110.681,109.634,103.051,96.979,97.679,96.546,98.629,102.382,103.084,103.100,106.114,109.316,110.324,112.209,113.850,99.756,99.249,96.166,80.032,79.034,91.948,100.455,101.869,105.457,110.397,107.971,111.721,102.142,97.228,98.609,99.700,103.012,102.566,107.193,111.484,113.533,114.677,112.391,113.999,101.178,97.720,93.157,88.931,95.508,93.184,93.368,100.982,100.815,101.912,99.693,100.793,93.891,89.814,97.012,93.987,104.726,103.675,105.214,109.107,108.778,113.651,111.837,111.114,105.834,99.158,103.378,105.554,,,,,,,,
Piauí,25.398,20.769,20.862,24.450,22.877,24.519,22.937,22.760,25.997,25.217,26.629,24.392,26.257,24.389,22.805,24.227,25.040,25.661,26.116,24.497,27.812,28.367,28.133,28.547,26.508,25.976,24.606,26.238,24.423,26.331,30.959,29.190,29.418,29.320,29.866,29.169,28.870,28.446,24.663,27.941,26.652,29.293,28.507,28.711,30.763,31.145,33.227,32.629,31.131,29.454,28.073,26.936,29.050,30.155,28.640,30.387,32.839,34.667,35.641,32.875,31.841,30.430,28.145,30.879,29.180,30.795,31.202,32.530,33.967,36.217,37.338,36.192,36.534,34.246,34.578,38.116,36.837,37.595,35.638,37.453,39.910,41.111,40.999,40.758,40.334,36.803,36.864,39.593,37.972,40.702,40.813,40.379,44.744,45.224,44.119,43.773,44.879,42.357,40.517,43.361,45.038,49.497,51.389,52.376,50.251,51.374,52.374,48.829,48.239,48.113,46.968,48.160,47.864,51.017,50.826,52.809,56.640,57.256,54.481,55.734,53.323,51.685,50.824,51.391,53.599,54.084,54.657,57.466,60.570,62.645,59.290,58.695,56.616,53.341,55.106,54.699,58.352,56.221,58.697,66.255,62.497,62.571,66.581,65.570,59.495,55.203,59.021,59.598,62.271,63.518,59.742,66.299,67.610,66.593,67.833,65.724,62.216,56.421,61.801,57.624,64.405,65.816,60.973,65.807,69.247,71.431,71.071,68.458,64.738,59.565,63.616,61.875,64.818,64.829,61.337,69.491,71.905,74.464,73.293,69.362,62.518,63.129,62.861,62.664,66.947,65.372,65.404,68.070,70.765,74.530,75.341,74.102,68.529,64.947,62.081,49.516,50.547,50.743,54.938,56.578,63.358,70.103,67.637,70.220,66.118,60.095,60.425,60.102,65.808,68.381,69.214,72.489,74.529,75.377,73.470,74.956,66.746,64.408,67.714,66.953,70.954,69.828,70.545,71.933,77.695,78.215,73.635,74.491,68.590,64.915,71.124,69.513,74.618,73.832,74.616,79.158,84.283,85.288,84.302,81.191,78.018,72.692,76.114,75.892,,,,,,,,
Ceará,95.718,86.036,90.007,97.130,90.758,93.769,87.315,92.398,97.622,93.272,96.395,101.414,99.326,97.263,99.345,98.830,100.472,98.065,96.917,100.089,99.586,103.127,103.745,108.938,107.810,104.186,101.747,103.447,99.913,103.436,98.426,104.915,105.817,109.236,110.164,112.351,110.786,110.697,101.213,112.312,107.520,112.591,106.508,110.926,107.934,114.520,116.767,118.497,118.417,116.450,114.582,108.805,114.090,113.885,115.983,117.259,119.525,127.253,126.593,131.324,128.613,121.608,117.059,121.182,119.168,119.254,120.288,127.589,126.635,133.728,135.018,140.364,137.010,134.264,138.696,142.150,140.483,142.256,137.662,133.873,141.593,141.650,144.785,150.187,141.711,134.576,134.750,138.705,133.544,141.855,139.829,140.805,150.002,149.882,150.709,155.315,156.323,154.907,146.303,158.463,154.547,156.796,151.133,155.994,158.790,161.355,161.965,166.487,164.701,168.713,162.276,164.209,172.860,170.233,153.491,168.367,174.842,181.234,186.830,175.077,173.887,182.918,177.436,168.928,177.896,173.780,176.854,179.493,184.053,193.527,198.361,195.763,188.883,187.661,176.349,180.580,194.434,188.806,180.279,190.027,184.865,184.247,196.557,201.251,184.890,179.417,191.517,190.823,191.988,195.165,188.318,191.645,198.138,198.955,200.940,206.043,183.371,178.917,178.493,184.059,188.684,192.188,184.886,187.686,190.149,193.675,201.351,196.053,163.426,155.677,155.272,160.337,165.384,166.066,155.822,160.124,161.877,158.480,164.388,164.273,198.959,204.923,192.245,188.354,197.694,203.195,202.452,193.538,199.113,198.726,206.332,223.728,205.228,193.513,187.448,152.661,143.492,149.120,159.602,165.374,175.508,195.597,187.781,196.069,169.801,189.154,184.112,165.083,169.764,181.769,182.562,192.306,195.401,193.283,201.546,208.773,203.933,188.181,182.633,192.151,184.875,191.863,181.182,185.456,190.513,189.588,195.777,195.558,200.843,196.893,179.686,198.290,193.551,209.262,187.632,201.380,201.891,200.356,215.924,212.461,216.769,221.329,198.606,210.942,,,,,,,,
Rio Grande do Norte,41.973,37.909,41.133,43.495,41.067,41.715,39.380,40.479,41.184,42.784,46.701,48.151,44.329,45.649,46.739,50.212,50.199,47.138,48.556,48.556,48.131,49.930,51.808,56.997,51.278,52.649,54.760,53.843,53.771,52.340,50.454,53.409,51.670,55.771,57.178,57.496,56.861,56.638,57.056,59.260,56.903,55.117,53.875,54.288,55.759,57.489,59.549,61.824,62.447,63.159,65.050,60.398,60.536,58.758,58.168,59.149,61.939,63.778,66.562,70.854,65.437,64.074,64.188,66.802,61.953,61.988,60.053,62.724,63.803,69.752,72.024,76.762,68.716,66.704,73.976,75.468,71.800,70.562,68.539,66.690,67.576,71.252,73.920,76.630,72.180,72.113,74.547,74.262,69.677,70.804,67.970,69.853,70.746,74.823,79.157,82.528,77.028,73.892,78.150,77.124,78.468,74.334,72.757,73.668,75.499,76.927,80.366,83.856,82.602,79.561,82.970,85.442,85.394,80.431,77.505,79.949,80.166,85.748,86.838,91.218,87.086,86.007,90.362,89.784,89.580,83.416,84.278,86.572,87.757,91.123,95.252,95.406,92.813,92.129,93.705,91.033,93.725,91.885,85.167,84.311,88.016,89.199,91.173,95.461,88.928,88.024,91.659,92.500,90.224,89.679,86.132,87.919,90.159,92.718,94.799,97.525,93.579,90.449,95.273,96.059,94.573,92.688,84.605,88.259,89.818,93.348,94.167,98.912,97.944,93.873,97.977,92.947,92.465,90.910,84.501,91.188,91.645,97.499,100.548,100.521,100.272,99.306,97.324,94.894,96.822,94.516,91.843,92.165,91.873,97.966,100.832,102.015,100.716,96.542,97.041,75.442,70.672,68.252,69.992,74.377,81.109,87.959,80.564,83.591,97.588,92.944,90.412,89.258,85.278,89.623,87.889,87.568,89.569,93.434,96.501,101.341,98.052,90.750,94.782,94.357,93.466,85.458,84.498,83.430,87.194,88.346,93.141,94.330,95.605,92.574,91.615,90.042,93.061,88.769,84.327,86.854,87.106,91.013,92.977,92.670,96.587,93.345,95.051,95.542,,,,,,,,
Paraíba,35.917,32.453,34.378,35.924,33.864,33.950,32.155,31.641,35.194,34.712,35.684,37.017,38.356,36.720,37.610,39.198,36.282,36.080,33.954,34.479,35.575,36.889,38.489,39.098,38.453,38.581,39.373,40.466,39.707,39.473,35.835,38.515,38.252,39.461,42.384,41.330,41.485,40.001,42.582,40.934,42.700,38.408,37.154,38.010,37.082,41.417,44.319,43.773,47.688,45.756,46.485,46.132,44.377,42.057,41.268,43.430,42.733,44.127,45.426,47.327,48.591,45.356,48.036,48.307,47.305,45.329,45.239,46.160,47.000,50.536,51.196,54.074,51.643,50.842,56.955,55.802,55.270,53.569,51.535,50.272,51.769,53.709,58.444,61.326,57.558,55.898,58.603,58.061,56.765,55.211,54.012,54.509,55.873,58.791,61.845,66.786,63.794,59.809,65.450,65.793,64.122,61.983,59.339,61.766,59.352,62.834,63.361,66.834,70.710,70.084,72.344,72.385,70.242,65.629,64.942,64.951,65.417,67.396,69.527,72.122,76.705,78.211,76.793,76.364,75.334,71.104,68.665,67.532,71.091,72.332,75.661,76.573,80.399,81.176,81.162,78.984,79.062,75.400,68.829,71.150,75.443,74.802,76.398,77.039,76.950,74.986,78.988,77.319,75.672,73.653,71.717,71.678,75.342,75.419,78.787,80.025,77.789,75.464,84.392,78.534,79.223,75.512,69.229,72.670,72.301,75.805,80.456,80.686,81.586,78.208,83.307,81.804,78.053,75.919,72.381,75.855,74.122,81.102,83.583,82.689,83.434,81.967,81.788,85.176,83.888,78.212,75.076,74.216,77.041,82.752,83.770,87.974,86.876,87.291,83.629,65.748,63.372,57.337,60.750,65.053,69.631,74.868,81.720,82.398,78.425,78.298,76.071,76.765,77.258,73.489,74.390,74.542,75.975,82.311,82.978,89.335,83.536,77.935,86.549,82.582,83.115,76.145,74.383,73.278,75.917,78.171,83.149,86.367,85.341,83.935,84.445,86.007,88.280,78.311,74.196,77.917,81.225,84.550,89.345,91.102,93.248,90.711,94.813,96.817,,,,,,,,
Pernambuco,119.008,115.908,123.234,129.722,124.960,122.253,115.604,117.648,125.223,129.659,130.639,139.701,141.513,126.951,146.361,140.778,137.998,126.420,120.830,123.262,127.627,136.254,141.151,150.499,141.625,135.114,150.007,145.981,141.943,132.330,128.855,129.606,132.674,144.429,147.993,159.147,149.516,143.501,150.797,149.984,148.956,140.282,136.406,137.024,133.877,147.188,150.822,166.963,154.352,149.756,160.398,151.061,153.584,144.640,142.335,136.408,145.177,158.485,161.308,177.928,147.143,153.919,159.619,165.924,162.023,155.756,150.004,153.504,153.520,164.599,165.916,194.305,163.820,161.345,184.802,169.434,178.167,163.647,162.476,156.268,157.812,176.679,179.755,203.628,173.184,169.977,193.567,185.767,175.455,166.683,165.281,175.227,174.544,187.472,191.886,207.149,194.202,188.266,200.903,195.343,203.251,190.055,178.850,185.448,182.625,193.273,206.876,210.520,212.320,208.269,214.442,226.951,217.459,201.732,195.949,202.584,204.898,218.414,220.342,224.410,223.914,214.210,220.386,228.174,222.682,223.610,217.093,218.157,222.414,235.707,240.349,249.820,241.901,241.924,245.745,249.196,254.959,235.790,218.104,220.189,228.000,241.315,240.866,259.060,240.302,234.875,253.892,251.043,247.926,234.518,226.294,227.118,232.268,245.099,249.835,258.625,242.095,240.673,254.091,252.670,244.806,237.840,221.418,220.438,224.888,240.495,249.095,264.528,240.950,243.437,252.288,247.046,246.375,237.248,223.278,232.164,232.871,253.341,263.624,274.196,248.332,248.078,265.939,261.864,269.293,241.510,239.162,232.834,233.908,262.130,265.407,284.365,254.588,255.539,257.793,206.977,189.868,177.057,197.161,203.113,213.380,233.029,222.231,220.111,250.396,239.493,243.472,234.164,231.750,228.761,222.667,226.384,230.144,249.814,257.271,268.509,255.507,248.323,263.697,258.089,254.549,240.911,233.446,237.934,240.030,245.684,261.536,258.023,253.438,247.357,259.556,254.308,258.451,246.870,231.927,234.729,242.630,256.160,262.373,272.965,257.854,266.483,257.635,276.728,,,,,,,,
Alagoas,31.461,30.119,30.572,32.021,30.512,31.649,27.614,27.011,29.066,29.911,30.409,33.533,35.228,33.760,32.776,34.531,33.949,31.955,35.552,38.178,37.231,38.527,43.812,41.441,35.733,35.146,35.905,37.295,33.799,32.064,30.528,31.082,33.457,34.135,36.222,36.422,40.022,38.688,35.490,38.543,36.098,36.789,33.926,34.335,34.641,35.671,40.390,37.452,40.988,40.368,40.169,40.055,39.594,36.770,34.913,35.799,36.565,37.526,41.212,40.888,43.808,40.826,37.943,43.465,42.189,37.713,36.110,40.052,37.305,39.097,43.434,45.216,46.017,43.610,43.894,47.424,46.697,46.110,39.878,42.248,42.224,43.287,48.096,48.435,50.502,50.460,48.192,52.671,46.175,46.589,43.309,43.752,45.185,44.966,49.700,50.979,51.811,52.426,59.998,54.865,53.402,55.321,47.685,54.310,48.136,53.530,54.434,59.071,57.359,57.853,57.843,60.278,56.972,55.769,53.248,54.077,55.090,59.289,64.881,67.709,65.332,65.672,61.063,66.164,62.474,59.482,56.192,57.762,61.772,63.127,66.089,66.973,66.029,64.559,66.984,69.845,64.638,61.296,55.211,55.631,59.121,61.463,63.501,66.198,64.008,64.324,66.954,63.627,61.919,59.062,56.828,59.612,59.111,61.980,64.899,67.732,63.579,65.801,67.970,66.472,64.815,57.802,55.784,59.315,56.537,64.326,65.133,67.350,69.389,67.089,62.451,64.251,62.938,58.040,59.028,60.189,60.169,64.834,67.081,66.377,65.730,66.355,67.220,67.898,67.442,59.509,59.650,61.393,62.855,68.803,70.590,74.598,71.408,71.304,67.907,50.846,49.234,48.867,50.907,54.585,57.793,65.288,69.166,71.922,69.484,67.327,70.257,63.682,65.000,60.409,62.185,62.502,67.079,72.262,76.224,77.851,73.823,71.483,76.550,72.701,73.134,61.824,65.579,67.273,69.412,74.817,75.677,80.190,80.219,75.201,82.859,79.060,79.261,68.681,69.168,70.787,71.561,76.946,83.235,83.171,87.086,83.669,89.432,86.378,,,,,,,,
Sergipe,27.768,22.535,25.006,26.187,25.186,24.530,22.744,22.054,23.161,23.534,30.826,26.428,26.687,26.018,26.121,27.005,26.087,26.177,23.645,23.525,25.242,27.620,28.447,28.760,28.692,27.946,28.559,29.904,28.860,27.605,25.680,25.815,26.570,27.707,29.327,31.009,29.528,29.573,28.893,30.263,29.217,29.526,26.718,27.290,27.146,28.353,30.351,31.606,31.727,31.591,32.232,33.114,32.748,31.081,30.321,30.921,32.623,34.578,36.221,36.600,37.109,36.820,35.484,37.535,34.164,33.815,32.912,33.025,33.687,37.923,37.555,40.405,38.546,36.359,40.270,38.973,38.447,35.833,35.027,35.512,35.251,37.875,39.796,42.042,41.442,39.225,42.240,41.667,40.446,36.469,36.460,37.879,38.033,39.418,41.021,44.389,45.844,43.541,46.107,45.553,44.090,42.359,40.878,41.771,40.485,41.437,42.278,45.661,48.779,48.736,49.303,49.741,46.928,44.448,43.199,43.342,43.960,45.040,45.444,47.644,51.216,53.503,50.942,50.956,49.356,46.594,44.147,45.033,47.168,48.091,49.196,48.389,53.565,53.807,53.571,52.865,50.343,46.790,44.084,44.103,47.398,48.300,49.319,50.274,50.920,51.043,52.758,50.948,50.053,47.248,45.265,46.451,47.321,48.537,51.616,52.176,51.625,50.526,54.019,52.264,50.796,47.705,43.462,45.637,44.288,47.464,51.029,51.313,53.537,52.719,56.003,54.912,52.676,49.543,47.078,49.783,48.983,53.092,54.537,54.445,55.940,57.028,56.959,57.369,57.353,51.427,49.229,49.816,50.688,53.504,56.604,58.243,56.384,58.181,55.652,41.882,42.333,39.779,39.001,40.863,45.561,49.423,52.655,53.517,54.482,48.331,53.270,50.582,48.124,46.427,46.693,46.849,48.858,52.566,53.535,55.173,54.724,53.340,56.140,54.006,53.427,48.810,47.091,47.944,48.527,51.469,52.449,54.361,56.078,52.261,56.311,55.817,54.133,50.606,48.747,49.975,51.285,53.247,56.381,57.425,58.620,57.503,61.366,61.140,,,,,,,,
Bahia,171.570,167.151,166.958,174.506,158.750,159.294,149.743,146.609,154.636,163.207,173.180,177.368,186.783,189.454,181.023,181.349,178.716,163.234,158.713,165.508,167.949,176.972,182.700,184.189,186.144,181.325,197.026,186.249,173.689,163.173,167.646,165.985,171.934,177.105,191.246,188.075,202.048,193.891,190.341,199.301,193.791,186.495,181.691,184.067,176.446,192.086,206.623,206.491,217.286,209.305,211.893,214.190,204.498,190.295,189.364,187.704,196.412,216.358,208.249,216.615,217.439,216.416,236.739,230.159,201.608,200.016,200.666,207.652,217.115,225.759,228.515,252.782,229.763,229.568,265.590,227.803,235.659,226.349,205.411,213.932,215.771,229.032,251.219,267.417,254.687,242.228,260.594,245.121,242.290,221.716,223.353,236.317,229.013,240.152,237.908,263.285,263.087,248.565,277.347,254.384,265.703,242.681,232.588,242.372,240.402,250.806,254.791,261.117,275.492,275.258,299.026,306.369,274.114,241.814,262.353,257.179,256.931,287.094,282.089,289.542,296.827,293.592,304.380,305.454,288.160,266.215,263.545,268.727,275.479,292.908,306.001,306.421,307.632,306.675,327.640,318.764,300.189,276.690,272.769,279.213,294.003,310.482,317.495,344.355,325.022,312.918,353.144,330.783,309.832,302.091,272.486,291.262,297.955,306.765,320.423,333.403,321.384,311.812,330.743,322.808,316.804,302.298,271.600,280.681,284.287,308.037,321.840,333.920,322.878,323.908,332.232,333.090,315.490,301.509,286.842,299.949,297.552,330.752,346.799,337.764,332.360,339.868,372.290,348.637,344.142,312.273,304.005,292.924,312.063,337.315,359.117,371.746,339.980,336.613,344.345,269.238,246.574,228.906,246.467,245.026,266.407,301.453,277.031,289.224,331.779,319.638,312.357,312.147,293.569,297.831,286.259,291.250,300.981,328.025,333.954,346.050,336.517,339.917,358.458,340.975,333.985,315.686,302.956,306.620,309.772,322.452,340.056,343.052,343.461,349.267,355.143,351.334,337.433,330.583,301.201,309.859,326.892,329.688,352.864,363.878,359.197,356.307,357.060,368.111,,,,,,,,
Minas Gerais,333.506,297.342,314.055,317.587,310.580,297.820,284.795,289.283,312.165,322.417,335.429,327.306,344.360,320.237,322.344,353.148,334.549,322.935,309.558,306.466,333.993,337.100,352.232,336.868,352.825,344.664,360.140,353.610,338.399,330.226,314.171,316.898,342.274,342.587,358.357,359.187,373.372,357.509,356.288,386.218,374.194,349.180,329.064,348.505,356.356,370.086,393.521,385.185,419.298,377.963,369.764,376.109,418.992,381.853,377.831,377.536,380.086,404.445,448.062,391.177,433.208,408.293,425.259,439.425,424.114,381.569,380.859,413.919,403.772,428.660,456.102,449.129,459.675,433.941,459.439,465.710,429.017,413.968,389.078,416.424,430.900,449.147,450.351,470.537,505.924,473.754,492.653,500.262,478.747,452.682,444.816,460.514,487.883,486.604,484.481,496.598,504.822,504.681,542.896,540.611,497.139,489.682,474.239,488.257,502.777,522.099,561.176,539.269,593.515,527.284,529.872,560.201,537.147,518.530,490.776,524.382,529.514,534.470,579.588,569.406,589.778,626.537,571.488,580.318,568.195,537.958,515.422,526.756,539.435,588.252,626.947,581.103,617.419,616.564,570.969,596.729,548.942,518.911,500.896,531.856,537.176,589.623,624.551,587.454,585.257,569.232,563.120,604.088,557.483,534.630,482.139,504.288,543.779,553.254,570.440,554.679,581.468,579.192,569.619,578.404,536.222,533.266,492.742,497.936,524.487,532.847,584.257,545.538,589.449,582.787,571.647,599.766,548.164,511.892,502.592,525.491,540.060,591.316,586.614,578.392,586.315,606.837,580.806,575.126,572.013,534.628,500.574,517.753,559.718,580.853,622.634,583.494,613.555,595.455,570.154,482.357,423.300,417.616,416.945,453.505,472.448,602.751,537.609,540.248,616.816,577.391,594.217,570.776,530.747,542.068,519.192,559.144,614.812,642.540,616.969,621.810,666.040,647.765,731.935,731.948,680.840,637.688,633.249,634.225,656.998,701.546,677.052,713.507,691.838,688.490,785.091,732.948,706.403,666.009,654.997,701.839,721.290,821.708,812.151,816.738,782.405,738.397,784.005,780.363,,,,,,,,
Espírito Santo,84.820,83.917,86.051,83.633,82.244,75.631,75.145,75.329,78.583,81.687,82.689,86.497,90.580,85.165,91.927,94.214,86.931,84.456,84.418,83.495,88.558,88.311,89.532,91.209,101.901,101.644,103.277,99.693,92.240,86.109,82.697,91.124,89.572,91.027,93.966,102.084,103.723,104.789,107.425,112.919,103.734,95.068,95.435,94.554,95.250,99.490,114.151,113.024,114.890,111.177,116.013,113.526,111.173,106.347,99.503,104.379,102.343,111.024,109.665,106.487,113.663,115.401,119.814,112.563,101.652,107.611,106.340,108.842,109.583,113.926,113.285,119.324,128.505,126.726,123.780,126.525,120.145,108.413,102.297,102.157,111.429,112.939,114.477,133.829,128.254,135.287,131.414,128.078,117.346,113.174,109.144,116.101,117.514,119.896,121.968,134.714,131.089,140.819,149.114,141.921,127.714,132.348,124.731,124.770,127.272,131.029,140.799,147.533,158.247,145.762,147.921,149.404,138.355,134.065,127.321,139.785,131.026,138.417,147.252,149.518,155.211,163.895,160.076,156.749,147.394,140.297,134.158,138.342,138.022,151.751,156.474,162.178,172.805,165.333,170.469,160.274,145.355,143.683,136.709,138.691,139.625,155.198,153.347,165.957,154.438,169.677,173.810,166.011,149.122,137.629,128.671,132.957,141.508,137.997,143.897,151.880,168.414,156.131,164.245,155.291,139.315,142.791,127.864,123.510,130.591,140.469,152.866,150.010,160.273,157.745,173.559,154.832,147.815,138.821,132.344,141.492,124.329,141.459,139.071,151.376,155.638,163.971,170.678,153.758,152.802,132.773,129.652,124.253,130.917,145.445,154.207,159.694,158.809,156.287,155.824,119.166,109.376,105.914,111.809,115.493,128.308,139.594,137.280,161.656,162.149,151.224,158.769,138.095,134.950,132.117,127.647,129.759,142.230,145.424,142.271,155.893,161.326,163.677,186.197,167.467,154.090,137.109,131.802,141.382,136.535,150.188,152.476,156.328,164.737,174.009,190.900,174.060,160.151,150.047,144.765,156.953,159.963,182.478,187.424,202.354,185.656,195.613,212.645,203.481,,,,,,,,
Rio de Janeiro,567.235,594.478,585.939,600.339,564.569,506.022,524.985,503.307,537.621,555.512,561.987,614.238,626.707,585.317,631.196,655.122,596.689,593.240,546.328,553.052,601.572,583.315,613.280,654.886,618.185,668.450,680.072,649.173,597.796,564.018,552.084,569.891,564.207,602.321,620.875,657.064,665.897,639.105,726.537,739.349,639.737,577.943,575.080,575.956,621.840,620.011,654.176,659.305,708.970,673.068,698.453,691.122,672.621,605.538,596.532,628.142,630.105,649.806,691.497,665.385,687.639,719.104,750.902,717.088,661.512,617.397,641.927,597.876,654.141,675.759,739.456,781.186,778.307,786.267,803.336,755.229,699.622,645.613,621.335,648.345,671.971,689.529,698.014,811.233,811.728,832.039,819.817,783.202,738.212,666.181,670.427,697.341,707.780,726.117,743.563,778.591,787.164,814.505,869.194,822.943,790.727,750.148,741.606,787.420,755.483,799.540,861.010,874.682,921.196,874.686,896.930,858.499,833.475,815.069,784.956,780.516,796.809,851.243,860.899,889.383,953.377,1.015.606,970.147,908.946,859.974,824.231,809.333,785.455,825.666,910.775,931.614,933.758,1.057.677,1.031.538,1.032.246,970.970,893.693,856.180,822.880,846.190,851.350,923.789,951.513,946.480,974.534,934.857,965.898,992.487,881.346,796.046,770.328,782.348,810.572,822.764,860.729,914.817,981.023,959.588,1.007.919,889.208,945.006,782.464,738.092,759.321,776.825,813.670,841.378,888.474,915.763,856.201,944.221,904.972,846.034,772.915,764.238,775.992,763.390,852.654,826.449,912.160,998.352,930.608,951.812,879.974,897.422,794.133,755.096,757.279,776.396,832.592,873.037,869.860,910.487,888.707,867.073,646.821,593.771,609.429,648.059,675.058,732.130,799.266,764.335,882.708,824.100,811.453,852.509,772.565,719.799,695.489,656.357,678.401,725.812,730.244,729.056,810.534,822.736,832.485,885.251,848.573,766.995,693.639,686.866,690.904,693.922,707.229,758.398,800.252,792.826,836.768,888.839,830.441,760.788,713.134,686.824,725.866,763.389,775.665,829.114,870.060,880.624,840.506,877.979,846.565,,,,,,,,
São Paulo,1.464.892,1.421.228,1.416.476,1.579.356,1.386.690,1.280.007,1.348.602,1.324.733,1.430.716,1.455.419,1.438.769,1.475.363,1.502.671,1.480.720,1.538.797,1.598.831,1.484.175,1.463.026,1.414.604,1.391.125,1.487.558,1.511.450,1.526.161,1.551.374,1.565.125,1.678.502,1.671.868,1.670.104,1.506.107,1.474.424,1.443.154,1.519.630,1.579.574,1.573.310,1.630.453,1.723.987,1.646.738,1.684.709,1.748.942,1.804.750,1.647.064,1.559.608,1.522.661,1.494.738,1.665.504,1.658.788,1.742.436,1.759.015,1.712.535,1.775.224,1.740.362,1.737.463,1.693.988,1.601.754,1.611.166,1.681.832,1.732.128,1.789.872,1.859.167,1.808.926,1.754.774,1.806.503,1.934.482,1.898.231,1.741.810,1.676.350,1.629.639,1.696.090,1.782.303,1.847.923,1.918.770,2.063.962,1.893.540,1.946.614,2.021.962,1.998.557,1.873.228,1.782.244,1.707.790,1.834.983,1.902.262,1.881.170,1.916.409,2.108.546,2.041.243,2.132.679,2.109.646,2.101.063,1.976.148,1.881.431,1.854.040,1.920.489,2.042.227,2.026.703,2.052.934,2.114.706,2.089.022,2.127.238,2.302.532,2.306.903,2.064.179,2.061.323,1.921.554,2.003.427,2.177.204,2.155.608,2.353.543,2.308.213,2.324.194,2.292.030,2.327.055,2.276.594,2.192.384,2.122.055,2.071.810,2.068.582,2.231.529,2.331.562,2.462.167,2.563.194,2.599.179,2.765.679,2.595.727,2.526.917,2.428.985,2.203.224,2.209.235,2.274.013,2.333.861,2.489.951,2.620.545,2.547.228,2.628.729,2.633.359,2.546.422,2.598.202,2.391.126,2.283.526,2.201.113,2.255.344,2.252.327,2.467.949,2.532.951,2.558.581,2.513.727,2.493.505,2.452.440,2.635.436,2.372.761,2.142.729,2.126.062,2.104.782,2.210.243,2.184.559,2.326.983,2.393.933,2.488.983,2.458.074,2.534.601,2.501.492,2.265.399,2.218.787,2.131.486,2.062.740,2.291.476,2.365.924,2.399.714,2.467.771,2.414.374,2.457.863,2.529.179,2.582.438,2.384.676,2.221.854,2.170.348,2.131.668,2.279.357,2.310.430,2.427.939,2.498.088,2.630.108,2.664.088,2.600.167,2.507.063,2.519.082,2.264.763,2.161.770,2.176.107,2.301.143,2.525.546,2.643.747,2.581.117,2.546.452,2.550.961,2.479.819,2.070.445,1.855.630,1.727.509,1.838.305,1.954.213,2.098.762,2.348.592,2.279.423,2.381.197,2.517.317,2.449.851,2.842.044,2.304.667,2.085.995,2.096.848,2.030.064,2.036.757,2.255.854,2.333.937,2.302.508,2.488.040,2.477.315,2.508.519,2.596.482,2.689.431,2.399.989,2.212.539,2.216.133,2.262.362,2.320.905,2.258.145,2.413.940,2.517.700,2.548.374,2.557.049,2.632.175,2.768.647,2.429.180,2.394.251,2.255.060,2.353.777,2.522.288,2.668.137,2.740.502,2.894.269,2.862.907,2.857.854,2.892.123,2.895.258,,,,,,,,
Paraná,257.033,269.481,268.151,275.652,267.628,239.079,238.401,249.298,264.561,255.562,258.330,268.505,273.356,276.044,289.467,303.092,270.312,270.294,254.429,260.903,268.696,269.755,281.243,286.891,300.625,307.495,302.344,304.640,267.132,266.449,264.781,291.956,279.812,283.187,304.345,308.857,312.341,324.016,328.401,341.651,305.189,294.247,286.926,301.954,315.130,318.532,325.043,328.203,334.047,332.511,353.332,355.763,318.134,316.489,309.173,329.142,343.606,332.806,358.512,357.688,346.211,366.386,373.670,388.285,341.377,332.065,325.156,335.476,344.021,349.352,377.901,395.324,385.207,408.750,398.905,400.511,357.417,347.593,348.884,373.905,395.605,374.293,381.466,396.067,409.500,433.147,427.913,423.852,421.781,382.889,374.860,396.588,414.322,409.549,401.201,416.117,439.200,457.907,474.064,454.559,405.773,398.117,393.085,426.382,446.969,428.319,460.512,476.817,458.842,472.142,485.985,456.543,444.270,427.223,422.702,455.781,450.751,445.573,479.215,495.333,490.034,567.699,507.822,506.133,457.754,450.413,439.147,478.298,488.714,493.331,542.942,530.375,528.079,557.678,533.268,530.812,472.437,466.854,455.582,484.699,478.414,498.364,498.190,492.799,494.909,531.939,514.992,537.999,474.307,427.382,442.577,447.031,440.655,445.565,479.523,478.063,504.027,525.760,550.869,522.547,449.758,455.667,453.492,475.708,485.637,491.471,481.144,502.931,493.091,511.205,544.048,547.065,500.585,444.674,455.693,481.417,466.343,486.180,497.384,532.090,560.471,586.916,537.586,536.020,504.752,481.765,485.219,477.819,490.038,529.232,548.717,522.014,537.599,570.127,563.394,459.691,407.228,408.897,416.152,444.491,475.706,507.255,516.248,531.045,529.910,523.879,548.498,530.641,475.017,453.751,449.037,488.979,513.504,515.523,526.400,574.453,578.328,588.906,620.818,559.367,507.105,489.848,514.591,530.176,503.724,510.297,524.017,560.955,577.695,592.226,632.260,614.472,538.762,518.358,524.302,568.289,584.130,609.710,606.413,642.474,668.179,673.037,702.042,663.592,,,,,,,,
Santa Catarina,170.067,178.963,186.488,170.145,161.961,142.886,146.430,147.906,148.465,153.485,158.351,170.575,183.557,186.455,192.643,195.076,171.446,166.607,163.340,159.275,161.541,161.482,169.011,189.844,193.958,210.572,215.457,202.732,165.096,172.292,168.342,171.973,171.979,172.002,188.248,197.496,219.996,222.782,230.000,228.014,210.050,174.883,179.551,177.137,188.014,188.040,202.128,212.892,223.338,233.906,238.409,225.298,208.745,192.114,189.171,204.351,198.373,195.752,212.258,211.490,233.392,249.700,259.949,256.591,224.687,202.151,197.022,198.533,201.046,206.171,239.817,258.478,265.084,262.109,285.548,264.603,231.499,219.979,211.556,212.667,223.718,215.526,239.494,249.973,275.025,289.661,281.205,265.717,249.126,244.197,232.165,241.005,247.669,253.307,260.365,285.780,293.782,325.918,350.413,309.055,283.321,259.396,255.819,269.386,267.117,271.374,299.496,322.230,331.329,337.610,339.008,306.568,299.971,281.704,280.321,278.257,267.739,289.931,311.677,321.712,363.523,415.310,358.038,339.652,322.107,290.246,283.884,300.219,292.749,314.553,351.456,361.016,377.284,396.265,361.411,365.028,313.498,308.299,276.933,298.443,294.183,302.702,309.781,326.923,368.840,381.380,367.902,382.646,322.501,282.355,282.047,281.536,290.669,293.822,314.878,329.071,393.890,381.949,405.140,351.779,303.304,307.523,291.240,298.617,309.733,315.708,329.458,349.419,372.781,388.561,384.183,373.908,355.958,308.516,298.011,297.915,307.185,325.382,337.151,369.334,428.644,435.692,396.423,385.778,357.955,324.249,306.072,311.205,312.158,338.895,371.184,384.836,427.112,431.928,389.345,326.505,296.154,291.964,295.055,293.870,314.624,340.208,358.110,399.654,379.706,409.915,434.545,413.392,358.692,336.145,340.851,345.788,351.131,357.982,377.423,421.590,455.487,475.492,490.652,435.476,388.556,364.369,364.095,370.186,360.176,370.528,393.175,443.195,463.513,514.240,526.341,487.267,428.656,403.190,378.578,378.298,392.075,421.339,415.012,486.573,522.126,548.623,546.541,543.175,,,,,,,,
Rio Grande do Sul,276.902,285.451,283.818,297.774,266.991,245.687,251.824,248.318,251.759,248.016,260.870,291.864,306.993,301.990,311.501,292.785,271.163,271.060,267.313,266.244,257.519,256.808,272.354,309.557,311.252,320.206,314.610,309.069,269.974,270.414,264.047,270.617,261.533,267.765,289.705,313.819,342.020,331.045,343.512,342.893,307.129,283.037,276.189,282.473,284.909,291.635,305.413,322.732,360.013,342.402,348.897,340.706,306.330,300.483,297.558,306.255,297.626,306.795,323.751,347.986,361.194,356.982,381.308,371.758,331.192,311.692,310.640,313.183,313.881,314.549,342.083,381.429,398.081,392.877,407.398,379.992,341.079,327.800,333.462,328.727,320.380,324.978,339.736,387.416,427.341,426.691,421.770,389.908,365.261,348.720,353.732,360.788,351.584,357.726,375.068,424.115,432.224,462.646,483.056,430.428,386.711,378.414,373.098,381.650,385.231,374.075,422.218,461.929,470.456,458.756,443.185,415.763,416.262,379.382,377.239,404.969,389.553,394.109,428.509,462.041,517.818,569.657,488.594,458.897,430.601,388.584,397.068,411.559,404.064,420.819,468.809,500.347,518.489,514.721,499.956,483.143,417.410,399.202,383.986,397.417,388.873,396.329,403.872,427.428,488.904,481.190,474.929,462.774,418.798,372.756,374.636,366.845,370.145,360.479,384.033,448.949,486.438,478.731,500.669,456.482,386.408,379.358,372.295,366.538,392.717,387.340,396.711,428.444,485.350,465.775,473.182,444.780,438.282,377.474,364.341,377.803,372.050,388.101,419.119,445.677,493.023,501.161,465.609,421.338,413.988,370.281,367.417,367.663,360.334,387.580,416.687,451.430,488.834,485.635,466.353,390.350,313.339,297.931,321.274,318.590,319.322,328.834,343.443,378.878,439.008,446.844,419.112,409.144,394.825,354.024,361.621,371.393,341.161,363.072,405.771,440.877,481.318,489.693,484.736,430.231,383.942,382.844,387.416,382.543,373.497,367.925,394.981,478.772,486.490,517.115,501.375,499.426,412.823,402.681,394.152,397.035,394.200,393.991,420.461,490.987,506.132,525.127,535.528,506.310,,,,,,,,
Mato Grosso do Sul,51.890,52.518,51.766,55.175,49.652,44.157,42.928,49.557,51.954,53.788,51.412,56.704,55.171,52.184,58.669,59.365,53.804,48.901,47.243,44.612,50.210,49.754,52.559,54.544,56.549,56.506,56.719,60.607,50.092,45.106,48.172,51.166,50.892,52.846,56.656,58.904,57.230,57.020,58.418,63.730,55.325,46.731,48.905,49.105,55.571,58.495,57.993,58.207,57.047,56.212,60.641,57.726,54.700,47.330,47.529,56.912,60.644,57.589,65.596,64.963,63.037,61.417,63.813,69.142,62.268,54.827,53.036,56.312,59.620,62.423,68.685,73.616,69.288,69.830,74.204,75.654,66.330,55.785,59.684,62.970,69.322,68.090,68.669,75.344,74.470,74.801,77.222,80.671,74.074,65.347,64.305,71.952,77.980,78.361,79.019,84.721,84.577,84.122,89.904,87.422,78.474,72.412,69.974,80.760,87.854,86.281,94.866,98.093,93.110,93.852,94.187,90.378,84.312,80.790,79.127,86.111,85.422,87.824,97.547,104.814,101.318,103.719,103.337,102.556,93.512,82.415,83.261,93.134,102.747,108.230,112.302,107.306,108.390,110.441,109.502,107.193,95.276,85.974,87.247,95.226,102.050,107.715,106.432,103.989,102.923,107.263,111.731,111.005,97.229,84.496,80.343,90.689,91.188,96.901,98.877,101.818,107.534,109.876,123.380,115.434,94.338,89.880,86.181,101.554,110.540,105.478,103.246,102.922,104.261,106.547,120.599,123.793,111.390,86.534,89.174,96.363,89.935,101.193,107.305,107.981,112.194,121.933,110.994,107.699,102.598,96.529,95.051,97.313,101.119,109.430,115.730,112.140,105.504,116.520,123.551,100.386,83.259,73.437,79.757,110.505,118.122,105.762,99.770,108.780,102.699,97.575,106.714,107.610,90.393,82.571,77.958,89.229,107.484,101.138,98.660,105.294,111.799,108.477,122.059,106.211,92.063,77.987,90.823,103.458,102.407,116.710,116.609,98.616,101.008,106.670,113.722,112.596,88.351,77.641,75.776,98.169,102.546,105.535,103.526,106.374,102.951,108.266,112.134,109.172,,,,,,,,
Mato Grosso,64.699,65.905,74.538,77.146,68.100,61.587,66.190,62.202,69.190,72.326,72.518,74.257,69.600,73.693,86.605,85.785,77.852,76.541,71.595,66.247,72.524,73.065,76.149,76.849,70.429,79.748,85.150,84.748,72.622,72.687,71.540,72.858,75.278,77.126,78.128,78.095,74.437,83.144,90.384,89.480,81.606,73.861,77.139,73.906,79.517,85.887,82.424,81.445,78.655,83.459,92.921,88.512,81.725,81.021,82.702,87.984,94.464,93.184,94.828,89.730,86.497,94.417,103.021,96.529,91.091,83.932,90.384,86.906,91.253,94.274,90.008,90.132,88.290,92.831,108.259,98.902,95.319,92.463,91.227,85.849,97.204,104.906,97.333,97.578,88.317,92.712,110.950,107.986,102.343,98.788,98.900,104.023,112.049,115.124,111.712,112.723,99.596,107.673,118.815,113.764,113.870,106.109,113.124,112.079,115.325,126.938,121.708,118.621,113.893,117.444,130.236,129.396,123.272,123.678,128.762,119.864,116.485,133.671,133.681,133.112,115.101,126.118,138.598,138.174,134.987,126.737,126.004,131.456,140.582,152.280,147.862,136.108,127.068,135.349,142.846,144.484,133.454,135.348,132.488,134.469,146.324,146.160,145.511,147.337,129.246,141.607,147.650,147.845,131.410,128.821,127.107,132.032,129.518,137.352,135.071,132.607,129.419,138.790,150.414,147.373,141.552,143.550,132.633,134.069,153.645,147.462,144.589,142.960,136.976,148.306,155.898,147.867,149.757,129.906,137.991,134.560,142.041,154.772,152.312,145.014,145.813,159.859,157.067,156.342,152.355,149.868,147.287,146.287,159.211,158.952,157.558,156.339,148.252,165.724,160.546,133.341,127.306,123.006,129.691,124.630,139.239,153.439,156.824,154.333,134.704,148.667,162.880,132.349,139.687,144.453,135.762,141.852,153.480,156.992,145.903,149.960,143.461,147.300,165.366,157.589,152.498,146.694,146.942,145.534,147.509,148.559,143.855,146.993,136.436,145.345,166.660,157.487,151.251,140.848,137.558,152.378,157.817,161.841,165.561,160.321,151.083,156.217,164.770,161.940,,,,,,,,
Goiás,97.266,90.106,96.474,102.078,95.321,91.441,86.788,89.515,97.105,101.968,97.629,97.545,95.232,96.326,101.356,108.313,101.482,95.565,93.133,99.129,104.118,108.598,109.003,99.935,102.926,104.766,105.901,113.557,105.656,99.028,96.527,104.780,109.809,111.893,110.662,109.019,110.070,110.439,114.753,127.185,111.499,107.700,108.874,111.551,115.259,128.041,124.089,121.354,118.650,137.484,139.027,145.919,141.226,139.509,128.568,139.941,144.670,143.203,154.288,143.559,141.827,142.782,147.614,163.399,148.166,142.287,140.624,157.664,150.105,154.123,161.169,153.784,148.746,156.760,157.397,158.353,150.768,151.540,142.565,149.744,162.776,163.786,162.994,161.570,150.184,156.260,158.268,163.446,156.147,151.096,147.881,155.752,170.900,169.558,162.415,161.371,164.208,173.838,173.508,184.569,172.125,171.751,166.904,159.762,178.990,186.633,190.563,180.039,182.339,178.412,181.854,185.664,181.278,176.925,175.651,183.617,182.137,190.949,199.184,189.498,191.266,204.708,194.808,196.331,189.697,183.445,165.113,186.319,201.718,211.597,210.435,188.013,196.842,195.005,184.873,205.112,198.388,181.309,180.095,191.105,201.825,214.120,216.266,197.162,189.382,189.318,195.983,213.946,188.196,180.611,180.837,179.428,196.053,198.301,193.414,184.996,196.005,197.111,187.288,210.063,193.258,192.605,176.128,180.933,201.055,200.851,210.054,190.580,193.997,195.889,204.483,208.064,187.786,182.402,185.025,201.652,208.359,222.022,206.357,225.354,208.911,220.296,220.312,211.993,210.947,195.535,190.499,194.319,219.776,230.274,219.208,214.093,202.626,209.442,204.564,172.510,155.934,152.168,160.452,176.199,194.395,216.108,205.602,208.658,180.705,196.658,191.047,196.448,186.442,192.562,185.189,182.953,224.473,228.171,215.856,214.285,206.159,215.961,220.280,239.264,234.778,215.660,210.970,212.732,218.587,231.036,228.505,222.807,208.186,209.090,224.222,239.578,222.093,217.487,206.186,219.637,236.581,255.231,266.547,264.644,243.901,240.054,244.649,256.047,,,,,,,,
Distrito Federal,93.427,81.618,84.322,94.761,90.165,87.778,87.198,84.814,98.068,97.556,92.111,97.081,97.719,95.008,91.502,99.922,92.367,94.960,93.645,93.325,98.905,107.425,107.667,101.903,98.604,102.933,100.264,107.228,104.675,97.582,93.021,95.952,107.932,103.907,109.405,106.997,106.339,106.451,103.453,117.771,107.085,108.560,100.910,102.956,107.222,112.019,116.077,116.875,113.960,110.121,108.137,116.197,115.668,114.039,108.544,108.808,120.060,123.676,132.243,119.612,121.515,121.616,121.871,133.741,125.533,125.423,120.936,125.114,131.014,137.634,133.041,140.222,135.615,132.232,138.439,138.753,136.650,137.121,125.603,132.132,138.114,143.500,145.651,149.745,150.104,150.235,145.161,159.716,154.983,143.378,147.707,154.372,157.650,158.530,154.037,158.356,149.899,153.790,155.808,165.221,163.218,160.793,150.683,155.833,161.132,164.709,176.733,166.843,166.445,165.196,164.557,169.175,165.109,166.606,156.749,166.481,167.663,169.395,181.681,177.349,183.178,173.257,165.598,170.325,172.120,168.672,161.102,172.096,173.581,186.377,192.689,176.868,175.056,177.689,166.787,171.004,172.440,168.543,160.863,166.195,173.628,186.216,190.160,184.914,174.267,166.111,174.162,183.090,174.120,173.899,160.406,163.268,175.407,172.854,172.966,175.123,169.632,174.666,159.998,172.339,168.709,170.430,154.972,152.948,163.635,160.810,174.715,166.186,167.287,168.200,160.203,170.258,161.487,160.274,150.520,158.345,168.986,176.991,173.891,164.776,168.190,175.615,165.889,170.845,172.317,165.705,152.404,159.536,169.708,178.553,190.615,169.433,174.070,171.370,164.528,145.722,131.602,128.192,130.466,141.023,147.278,167.197,164.460,159.099,158.081,156.618,153.236,152.407,154.059,159.452,145.105,155.737,175.270,174.649,173.966,179.999,163.345,157.830,169.714,168.829,161.466,159.671,148.005,158.129,170.405,178.226,173.719,171.316,163.882,165.747,174.415,172.290,161.071,163.329,156.604,163.675,176.912,187.050,191.627,188.911,176.447,174.672,183.462,176.765,,,,,,,,
Nota: atualização defasada para não antecipar informações de distribuidoras que devem obedecer às intruções da CVM sobre publicação de resultados.,,,,,,,,,,,,,,,,,,,,,,,,,,,,,,,,,,,,,,,,,,,,,,,,,,,,,,,,,,,,,,,,,,,,,,,,,,,,,,,,,,,,,,,,,,,,,,,,,,,,,,,,,,,,,,,,,,,,,,,,,,,,,,,,,,,,,,,,,,,,,,,,,,,,,,,,,,,,,,,,,,,,,,,,,,,,,,,,,,,,,,,,,,,,,,,,,,,,,,,,,,,,,,,,,,,,,,,,,,,,,,,,,,,,,,,,,,,,,,,,,,,,,,,,,,,,